-- phpMyAdmin SQL Dump
-- version 4.8.4
-- https://www.phpmyadmin.net/
--
-- Servidor: 127.0.0.1:3306
-- Tiempo de generación: 27-05-2019 a las 15:58:48
-- Versión del servidor: 5.7.24
-- Versión de PHP: 7.2.14

SET SQL_MODE = "NO_AUTO_VALUE_ON_ZERO";
SET AUTOCOMMIT = 0;
START TRANSACTION;
SET time_zone = "+00:00";


/*!40101 SET @OLD_CHARACTER_SET_CLIENT=@@CHARACTER_SET_CLIENT */;
/*!40101 SET @OLD_CHARACTER_SET_RESULTS=@@CHARACTER_SET_RESULTS */;
/*!40101 SET @OLD_COLLATION_CONNECTION=@@COLLATION_CONNECTION */;
/*!40101 SET NAMES utf8mb4 */;

--
-- Base de datos: `inventarios`
--

-- --------------------------------------------------------

--
-- Estructura de tabla para la tabla `files`
--

DROP TABLE IF EXISTS `files`;
CREATE TABLE IF NOT EXISTS `files` (
  `id` int(11) NOT NULL AUTO_INCREMENT,
  `file_name` varchar(255) COLLATE utf8_unicode_ci NOT NULL,
  `uploaded_on` datetime NOT NULL,
  `status` enum('1','0') COLLATE utf8_unicode_ci NOT NULL DEFAULT '1' COMMENT '1=Active, 0=Inactive',
  PRIMARY KEY (`id`)
) ENGINE=InnoDB DEFAULT CHARSET=utf8 COLLATE=utf8_unicode_ci;

-- --------------------------------------------------------

--
-- Estructura de tabla para la tabla `tb_crud`
--

DROP TABLE IF EXISTS `tb_crud`;
CREATE TABLE IF NOT EXISTS `tb_crud` (
  `id_crud` int(10) NOT NULL AUTO_INCREMENT,
  `nombre` varchar(50) NOT NULL,
  `email` varchar(50) NOT NULL,
  `area` varchar(50) NOT NULL,
  `Curriculum` varchar(60) NOT NULL,
  PRIMARY KEY (`id_crud`)
) ENGINE=MyISAM AUTO_INCREMENT=15 DEFAULT CHARSET=latin1;

--
-- Volcado de datos para la tabla `tb_crud`
--

INSERT INTO `tb_crud` (`id_crud`, `nombre`, `email`, `area`, `Curriculum`) VALUES
(2, 'Ana', 'ana@gmail.com', 'Multimedia y Comercio Electronico', 'No sabe nada'),
(3, 'Dafne', 'dafnepina133@gmail.com', 'Multimedia y Comercio Electronico', 'No sabe nada'),
(4, 'balon', 'Captura de pantalla (2).png', '', ''),
(5, 'Fady', 'Captura de pantalla (2).png', '', ''),
(6, 'fadt', 'Captura de pantalla (1).png', '', ''),
(7, 'Fady', 'Captura de pantalla (2).png', '', ''),
(8, 'Fady', 'Captura de pantalla (2).png', '', ''),
(9, 'Pepsi', 'hahahaha', 'Redes y Telecomuicaciones', 'No sabe nada'),
(12, 'hoewh', '89898@gmail.com', 'Redes y Telecomuicaciones', 'ytuyryt'),
(13, 'Pepsi', '89898@gmail.com', 'Multimedia y Comercio Electronico', 'ytuyryt'),
(14, 'keny', 'desarrollo5@lugarcreativo.mx', 'Redes y Telecomuicaciones', 'ytuyryt');

-- --------------------------------------------------------

--
-- Estructura de tabla para la tabla `tb_departamento`
--

DROP TABLE IF EXISTS `tb_departamento`;
CREATE TABLE IF NOT EXISTS `tb_departamento` (
  `id_departamento` int(20) NOT NULL AUTO_INCREMENT,
  `nombre` varchar(100) CHARACTER SET latin1 NOT NULL,
  PRIMARY KEY (`id_departamento`)
) ENGINE=InnoDB AUTO_INCREMENT=12 DEFAULT CHARSET=utf8;

--
-- Volcado de datos para la tabla `tb_departamento`
--

INSERT INTO `tb_departamento` (`id_departamento`, `nombre`) VALUES
(1, 'Tecnologías de la información'),
(2, 'Negocios'),
(3, 'Diseño'),
(4, 'Humanidades'),
(5, 'Ingenieria'),
(6, 'Secretaria Administrativa'),
(7, 'Arquitectura'),
(8, 'Cirujano Dentista'),
(9, 'Gimnasio'),
(10, 'Derecho'),
(11, 'Salud');

-- --------------------------------------------------------

--
-- Estructura de tabla para la tabla `tb_dispositivos`
--

DROP TABLE IF EXISTS `tb_dispositivos`;
CREATE TABLE IF NOT EXISTS `tb_dispositivos` (
  `id` bigint(20) NOT NULL AUTO_INCREMENT,
  `nombre` varchar(100) CHARACTER SET latin1 NOT NULL,
  `fkDepartamento` varchar(50) CHARACTER SET latin1 NOT NULL,
  PRIMARY KEY (`id`)
) ENGINE=InnoDB AUTO_INCREMENT=58 DEFAULT CHARSET=utf8;

--
-- Volcado de datos para la tabla `tb_dispositivos`
--

INSERT INTO `tb_dispositivos` (`id`, `nombre`, `fkDepartamento`) VALUES
(2, 'Disco duro', '1'),
(4, 'Access Point', '1'),
(5, 'Adaptador de red', '1'),
(6, 'Adaptador de corriente', '1'),
(7, 'Adaptador de video', '1'),
(8, 'Audifonos', '1'),
(9, 'Bateria', '1'),
(10, 'Bocina', '1'),
(11, 'Cable de corriente', '1'),
(12, 'Cable sata', '1'),
(13, 'Cable vga', '1'),
(14, 'Camara de vigilancia', '1'),
(15, 'Camara web', '1'),
(16, 'Computadora', '1'),
(17, 'Control remoto', '1'),
(18, 'Convertidor de video', '1'),
(19, 'DVR', '1'),
(20, 'Digitalizador', '1'),
(21, 'Floppy', '1'),
(22, 'Foco de proyector', '1'),
(23, 'Fuente de poder', '1'),
(24, 'Gabinete', '1'),
(25, 'Impresora', '1'),
(26, 'Impresora de credencial', '1'),
(27, 'Hubss', '1'),
(28, 'Laptop', '1'),
(29, 'Lector de codigo de barras', '1'),
(30, 'Lector de huella', '1'),
(31, 'Lector de tarjetas', '1'),
(32, 'Memoria ram', '1'),
(33, 'Modem', '1'),
(34, 'Monitor', '1'),
(35, 'Mouse', '1'),
(36, 'Multimetro', '1'),
(37, 'No-break', '1'),
(38, 'Proyector', '1'),
(39, 'Pantalla blanca', '1'),
(40, 'Router', '1'),
(41, 'Radio', '1'),
(42, 'Regulador', '1'),
(43, 'Reproductor dvd', '1'),
(44, 'Servidor', '1'),
(45, 'Scanner', '1'),
(46, 'Switch', '1'),
(47, 'Tarjeta de red', '1'),
(48, 'Tarjeta de sonido', '1'),
(49, 'Tarjeta de video', '1'),
(50, 'Tarjeta madre', '1'),
(51, 'Teclado', '1'),
(52, 'Telefono', '1'),
(53, 'Unidad de cd', '1'),
(54, 'Unidad dvd', '1'),
(55, 'Ventilador', '1'),
(56, 'balon', '9'),
(57, 'Fady', '9');

-- --------------------------------------------------------

--
-- Estructura de tabla para la tabla `tb_inventario`
--

DROP TABLE IF EXISTS `tb_inventario`;
CREATE TABLE IF NOT EXISTS `tb_inventario` (
  `id` bigint(10) NOT NULL AUTO_INCREMENT,
  `fecha` date NOT NULL,
  `nombreinv` varchar(100) CHARACTER SET latin1 NOT NULL,
  `usuario` varchar(20) CHARACTER SET latin1 NOT NULL,
  `fkDepartamento` int(11) NOT NULL,
  `estado` char(1) CHARACTER SET latin1 NOT NULL DEFAULT 'N',
  PRIMARY KEY (`id`)
) ENGINE=InnoDB AUTO_INCREMENT=27 DEFAULT CHARSET=utf8;

--
-- Volcado de datos para la tabla `tb_inventario`
--

INSERT INTO `tb_inventario` (`id`, `fecha`, `nombreinv`, `usuario`, `fkDepartamento`, `estado`) VALUES
(1, '2017-07-06', 'Bajas', 'agonzalez', 1, 'G'),
(2, '2018-03-06', 'Negocios', 'roger', 2, 'G'),
(3, '2018-03-06', 'Diseño', 'roger', 3, 'G'),
(4, '2018-03-12', 'Humanidades y computo', 'roger', 4, 'G'),
(5, '2018-03-13', 'Ingenieria y computo', 'roger', 5, 'G'),
(6, '2018-03-14', 'Secretaria Administrativa y computo', 'roger', 6, 'G'),
(7, '2018-03-14', 'Computo 4', 'roger', 1, 'G'),
(8, '2018-03-16', 'Arquitectura', 'roger', 7, 'G'),
(9, '2018-03-20', 'Cirujano Dentista', 'roger', 8, 'G'),
(10, '2018-03-22', 'Gimnasio', 'roger', 9, 'G'),
(11, '2018-03-23', 'Derecho', 'roger', 10, 'G'),
(12, '2018-03-27', 'Proyectores Aulas', 'agonzalez', 1, 'G'),
(13, '2018-03-27', 'Proyectores TI', 'agonzalez', 1, 'G'),
(14, '2018-04-10', 'TI', 'roger', 1, 'G'),
(15, '2018-04-17', 'TI 2', 'roger', 1, 'G'),
(16, '2018-04-21', 'TI 3', 'roger', 1, 'G'),
(17, '2018-07-03', 'TI 4', 'agonzalez', 1, 'G'),
(18, '2018-07-04', 'Salud', 'agonzalez', 11, 'G'),
(21, '2019-01-23', 'prueba', 'eduardo', 1, 'G'),
(22, '2019-01-24', 'Partido de futbol', 'fady', 1, 'N'),
(23, '2019-03-19', 'hola', 'eduardo', 1, 'G'),
(24, '2019-04-01', 'yuyu', 'eduardo', 1, 'G'),
(26, '2019-04-12', 'b', 'eduardo', 9, 'N');

-- --------------------------------------------------------

--
-- Estructura de tabla para la tabla `tb_inventariodetalle`
--

DROP TABLE IF EXISTS `tb_inventariodetalle`;
CREATE TABLE IF NOT EXISTS `tb_inventariodetalle` (
  `id` bigint(10) NOT NULL AUTO_INCREMENT,
  `fkInventario` bigint(10) NOT NULL,
  `ubicacion` varchar(30) CHARACTER SET latin1 NOT NULL,
  `dispositivo` varchar(50) CHARACTER SET latin1 NOT NULL,
  `marca` varchar(50) CHARACTER SET latin1 NOT NULL,
  `modelo` varchar(50) CHARACTER SET latin1 NOT NULL,
  `serie` varchar(40) CHARACTER SET latin1 NOT NULL,
  `estado` char(1) CHARACTER SET latin1 NOT NULL DEFAULT 'N',
  PRIMARY KEY (`id`),
  KEY `indice` (`fkInventario`) USING BTREE
) ENGINE=InnoDB AUTO_INCREMENT=1668 DEFAULT CHARSET=utf8;

--
-- Volcado de datos para la tabla `tb_inventariodetalle`
--

INSERT INTO `tb_inventariodetalle` (`id`, `fkInventario`, `ubicacion`, `dispositivo`, `marca`, `modelo`, `serie`, `estado`) VALUES
(1, 1, 'Bajas', 'Mouse', 'Apple', 'M5769', 'VJ3160DD7NWDA', 'G'),
(2, 1, 'Bajas', 'Mouse', 'Apple', 'M5769', 'VJ3170RBUNWDA', 'G'),
(3, 1, 'Bajas', 'Mouse', 'Genius', 'GM-050009P', '126584507424', 'G'),
(4, 1, 'Bajas', 'Mouse', 'Genius', 'GM-04003P', '121688000863', 'G'),
(5, 1, 'Bajas', 'Mouse', 'Genius', 'GM-04003P', '124441500987', 'G'),
(6, 1, 'Bajas', 'Mouse', 'Genius', 'GM-03022P', 'X75270809430', 'G'),
(7, 1, 'Bajas', 'Mouse', 'Genius', 'netscroll 120', 'X56065709355', 'G'),
(8, 1, 'Bajas', 'Mouse', 'Genius', 'GM-04003P', '121688000872', 'G'),
(9, 1, 'Bajas', 'Mouse', 'Genius', 'GM-050008U', '137140106260', 'G'),
(10, 1, 'Bajas', 'Mouse', 'Genius', 'GM-03022P', '141932303539', 'G'),
(11, 1, 'Bajas', 'Mouse', 'Otros', 'PC-043782', 'L94604378', 'G'),
(12, 1, 'Bajas', 'Mouse', 'Otros', 'PC-043782', 'L211043782', 'G'),
(13, 1, 'Bajas', 'Mouse', 'Otros', 'MOFGKO', 'MS1120008215003278K701', 'G'),
(14, 1, 'Bajas', 'Computadora', 'Apple', 'eMac', 'ECL0263', 'G'),
(15, 1, 'Bajas', 'Computadora', 'Apple', 'eMac', 'ECL0262', 'G'),
(16, 1, 'Bajas', 'Computadora', 'Apple', 'eMac', 'ECL0269', 'G'),
(17, 1, 'Bajas', 'Computadora', 'Apple', 'eMac', 'ECL0270', 'G'),
(18, 1, 'Bajas', 'Computadora', 'Apple', 'eMac', 'ECL0261', 'G'),
(19, 1, 'Bajas', 'Computadora', 'Apple', 'eMac', 'ECL0274', 'G'),
(20, 1, 'Bajas', 'Computadora', 'Apple', 'eMac', 'ECL0265', 'G'),
(21, 1, 'Bajas', 'Computadora', 'Apple', 'eMac', 'ECL0260', 'G'),
(22, 1, 'Bajas', 'Computadora', 'Apple', 'eMac', 'ECL0267', 'G'),
(23, 1, 'Bajas', 'Monitor', 'Samsung', '551v', 'AN15HCGW516217', 'G'),
(24, 1, 'Bajas', 'Monitor', 'Samsung', '551v', 'AQ15HCET500671', 'G'),
(25, 1, 'Bajas', 'Monitor', 'Samsung', '793v', 'LE17HCGY222123A', 'G'),
(26, 1, 'Bajas', 'Monitor', 'Samsung', '793v', 'LB17H9KYC11945E', 'G'),
(27, 1, 'Bajas', 'Monitor', 'Lg', 'C15LA', '409MXAY0L024', 'G'),
(28, 1, 'Bajas', 'Monitor', 'Otros', 'HSTND-1L02-P', 'CNN5382L8L', 'G'),
(29, 1, 'Bajas', 'Monitor', 'Samsung', '793v', 'LE17HCDX527150D', 'G'),
(30, 1, 'Bajas', 'Monitor', 'Lg', 'T17PC-0', '801INEW2E004', 'G'),
(31, 1, 'Bajas', 'Proyector', 'Epson', 'H430A', 'PSPK2414512', 'G'),
(32, 1, 'Bajas', 'Proyector', 'Epson', 'H369A', 'NE6K1502370', 'G'),
(33, 1, 'Bajas', 'Proyector', 'Epson', 'H430A', 'PSPK3404615', 'G'),
(34, 1, 'Bajas', 'Proyector', 'Epson', 'H430A', 'PSPK1809318', 'G'),
(35, 1, 'Bajas', 'Proyector', 'Epson', 'H430A', 'PSPK2800705', 'G'),
(36, 1, 'Bajas', 'Proyector', 'Epson', 'H369A', 'NE6K1502331', 'G'),
(37, 1, 'Bajas', 'Proyector', 'Epson', 'H369A', 'NE6K1502376', 'G'),
(38, 1, 'Bajas', 'Switch', 'Otros', 'AT-FS708LE', 'A02422L0607000BG A', 'G'),
(39, 1, 'Bajas', 'Switch', 'Otros', 'TL-WA701ND', '12673801607', 'G'),
(40, 1, 'Bajas', 'Switch', 'Otros', 'TL-SG1005D', '214B127001302', 'G'),
(41, 1, 'Bajas', 'Monitor', 'Samsung', 'S22D300HY', '02CXHCLG302032X', 'G'),
(42, 1, 'Bajas', 'Monitor', 'Samsung', 'S22D300HY', '02CXHCLG302095Z', 'G'),
(43, 1, 'Bajas', 'Monitor', 'View sonic', 'VS11868', 'QRA074922214', 'G'),
(44, 1, 'Bajas', 'Monitor', 'Acer', 'V193W', 'ETLC108016916075204201', 'G'),
(45, 1, 'Bajas', 'Monitor', 'Acer', 'V193W', 'ETLC108016916077E74202', 'G'),
(46, 1, 'Bajas', 'Monitor', 'Acer', 'V193W', 'ETLC108016916075214201', 'G'),
(47, 1, 'Bajas', 'Monitor', 'Acer', 'V193W', 'ETLC108016916075164201', 'G'),
(48, 1, 'Bajas', 'Monitor', 'Acer', 'V193W', 'ETLC10801691607EC74202', 'G'),
(49, 1, 'Bajas', 'Monitor', 'Acer', 'AL1511', 'ETL160A13553900717PY23', 'G'),
(50, 1, 'Bajas', 'Regulador', 'ISB Sola basic', 'DN-21-122', 'E13L16040', 'G'),
(51, 1, 'Bajas', 'Regulador', 'ISB Sola basic', 'DN-21-122', 'E03E23492', 'G'),
(52, 1, 'Bajas', 'Regulador', 'ISB Sola basic', 'DN-21-122', 'E04D25651', 'G'),
(53, 1, 'Bajas', 'Regulador', 'ISB Sola basic', 'DN-21-122', 'E06E21511', 'G'),
(54, 1, 'Bajas', 'Regulador', 'ISB Sola basic', 'DN-21-122', 'E02E36117', 'G'),
(55, 1, 'Bajas', 'Regulador', 'ISB Sola basic', 'DN-21-122', 'E02B03651', 'G'),
(56, 1, 'Bajas', 'Regulador', 'ISB Sola basic', 'DN-21-102', 'E02E39471', 'G'),
(57, 1, 'Bajas', 'Regulador', 'Otros', 'B-AVR1006', '121110-040003537', 'G'),
(58, 1, 'Bajas', 'Regulador', 'Otros', 'RI-1200', 'ECL0528', 'G'),
(59, 1, 'Bajas', 'Regulador', 'Otros', 'REG-1000PRO', 's/n', 'G'),
(60, 1, 'Bajas', 'Floppy', 'Otros', 'SPARES005', '252393A63', 'G'),
(61, 1, 'Bajas', 'Floppy', 'Otros', 'SPARES005', '306553A57', 'G'),
(62, 1, 'Bajas', 'Floppy', 'Otros', 'SPARES005', '302586A57', 'G'),
(63, 1, 'Bajas', 'Floppy', 'Otros', 'SPARES005', '302613A57', 'G'),
(64, 1, 'Bajas', 'Floppy', 'Otros', 'SPARES005', '253142A63', 'G'),
(65, 1, 'Bajas', 'Floppy', 'Otros', 'SPARES005', '252928A63', 'G'),
(66, 1, 'Bajas', 'Floppy', 'Otros', 'SPARES005', '252617A63', 'G'),
(67, 1, 'Bajas', 'Tarjeta madre', 'Intel', 'INTEL DESKTOP BOARD ', 'BTGC644016YX', 'G'),
(68, 1, 'Bajas', 'Tarjeta madre', 'Intel', 'INTEL DESKTOP BOARD ', 'BQSR41501660', 'G'),
(69, 1, 'Bajas', 'Tarjeta madre', 'Intel', 'INTEL DESKTOP BOARD ', 'BTPR9190017R', 'G'),
(70, 1, 'Bajas', 'Tarjeta madre', 'Otros', 'P4M900-M4', 'KWD8600081117', 'G'),
(71, 1, 'Bajas', 'Tarjeta madre', 'Gigabyte', 'GA-8LD533', '30612302561', 'G'),
(72, 1, 'Bajas', 'Tarjeta madre', 'Intel', 'D865GLC', 'BTLC44308640', 'G'),
(73, 1, 'Bajas', 'Tarjeta madre', 'Intel', 'D845GVFN', 'FCFN51503863', 'G'),
(74, 1, 'Bajas', 'Tarjeta madre', 'Acer', 'N15235', 'U01V120100030', 'G'),
(75, 1, 'Bajas', 'Tarjeta madre', 'Acer', 'EG31M', 'V51108G91325695', 'G'),
(76, 1, 'Bajas', 'Tarjeta madre', 'Acer', 'EG31M', 'V51108G91159774', 'G'),
(77, 1, 'Bajas', 'Fuente de poder', 'Kemex', '450W', '022110012992', 'G'),
(78, 1, 'Bajas', 'Fuente de poder', 'Otros', 'PSU-101', 'MX06130902202001343', 'G'),
(79, 1, 'Bajas', 'Fuente de poder', 'Otros', 'DPS-250AB-22', 'PY2500900691400D4BP204', 'G'),
(80, 1, 'Bajas', 'Fuente de poder', 'Otros', 'TM-500-PSSR-M3', 'TM500PSSRM30140900805', 'G'),
(81, 1, 'Bajas', 'Fuente de poder', 'Otros', 'LPJ2', 'C060911052', 'G'),
(82, 1, 'Bajas', 'Fuente de poder', 'Otros', 'DPS-250AB-22', 'PY2500900691601812P204', 'G'),
(83, 1, 'Bajas', 'Fuente de poder', 'Otros', 'HP-350ATX', 'B268742', 'G'),
(84, 1, 'Bajas', 'Fuente de poder', 'Edge system', 'R500', '940400146681', 'G'),
(85, 1, 'Bajas', 'Fuente de poder', 'Otros', 'PSU-101', 'MX06130902202001343', 'G'),
(86, 1, 'Bajas', 'Fuente de poder', 'Ultra', 'PX-350ROEUN', '026040026936', 'G'),
(87, 1, 'Bajas', 'Fuente de poder', 'Edge system', 'AF-B350E', '200609025648', 'G'),
(88, 1, 'Bajas', 'Fuente de poder', 'Perfect choice', 'PC-610014', 'SP21217338', 'G'),
(89, 1, 'Bajas', 'Fuente de poder', 'Perfect choice', 'PC-610014', 'SP21217456', 'G'),
(90, 1, 'Bajas', 'Fuente de poder', 'Edge system', 'R500', '940400145302', 'G'),
(91, 1, 'Bajas', 'Fuente de poder', 'Edge system', 'AF-B400E', '3753711', 'G'),
(92, 1, 'Bajas', 'Fuente de poder', 'Kemex', '400W', '1203138691', 'G'),
(93, 1, 'Bajas', 'Teclado', 'Genius', 'K639', 'ZM5339014537', 'G'),
(94, 1, 'Bajas', 'Teclado', 'Acteck', 'AK2-2300', '960013087834', 'G'),
(95, 1, 'Bajas', 'Teclado', 'Acer', 'KB-0759', 'KBPS203102912039000B01', 'G'),
(96, 1, 'Bajas', 'Teclado', 'Perfect choice', 'PC-200567', 'L01420056', 'G'),
(97, 1, 'Bajas', 'Teclado', 'Acer', 'ICES-003', 'KBPS20P156110004BBK701', 'G'),
(98, 1, 'Bajas', 'Teclado', 'Genius', 'K639', 'XX9388115009', 'G'),
(99, 1, 'Bajas', 'Teclado', 'Acteck', 'AT-2200', '1760065095069', 'G'),
(100, 1, 'Bajas', 'Teclado', 'Perfect choice', 'PC-200567', 'L01420056', 'G'),
(101, 1, 'Bajas', 'Teclado', 'Genius', 'GK-070006', 'YB09C1U01660', 'G'),
(102, 1, 'Bajas', 'Teclado', 'Acer', 'ICES-003', 'KBPS20P1561010038FK701', 'G'),
(103, 1, 'Bajas', 'Teclado', 'Genius', 'K639', 'ZM5639077151', 'G'),
(104, 1, 'Bajas', 'Teclado', 'Genius', 'KB-06X', 'ZM3300195931', 'G'),
(105, 1, 'Bajas', 'Teclado', 'Genius', 'KB-06X', 'ZM3300195934', 'G'),
(106, 1, 'Bajas', 'Teclado', 'Acteck', 'AT-2700', '1760055064856', 'G'),
(107, 1, 'Bajas', 'Teclado', 'Acteck', 'AT-2200', '1760065005262', 'G'),
(108, 1, 'Bajas', 'Teclado', 'Acer', 'ICES-003', 'KBPS20P15610100B3DK701', 'G'),
(109, 1, 'Bajas', 'Teclado', 'Otros', 'K200', '1609SY00DQQ8', 'G'),
(110, 1, 'Bajas', 'Teclado', 'Acteck', 'AT-9900-1', '00182655', 'G'),
(111, 1, 'Bajas', 'Teclado', 'Genius', 'K639', 'WE9A91091530', 'G'),
(112, 1, 'Bajas', 'Teclado', 'Acteck', 'AK2-2700', '1760051054274', 'G'),
(113, 1, 'Bajas', 'Teclado', 'Genius', 'KU-0368', 'ZCB434000457', 'G'),
(114, 1, 'Bajas', 'Teclado', 'Apple', 'eMac', 'ECL0276', 'G'),
(115, 1, 'Bajas', 'Teclado', 'Apple', 'eMac', 'KY60602GZUBDA', 'G'),
(116, 1, 'Bajas', 'Teclado', 'Apple', 'eMac', 'KY60601VXUBDA', 'G'),
(117, 1, 'Bajas', 'Teclado', 'Apple', 'eMac', 'ECL0281', 'G'),
(118, 1, 'Bajas', 'Teclado', 'Apple', 'eMac', 'ECL0961', 'G'),
(119, 1, 'Bajas', 'Teclado', 'Apple', 'eMac', 'KY608014JUBDA', 'G'),
(120, 1, 'Bajas', 'Teclado', 'Apple', 'eMac', 'ECL0291', 'G'),
(121, 1, 'Bajas', 'Telefono', 'Modernphone', 'TC-8300', 'sn', 'G'),
(122, 1, 'Bajas', 'Telefono', 'Modernphone', 'TC-8300', 'sn', 'G'),
(123, 1, 'Bajas', 'Telefono', 'Modernphone', 'TC-8300', 'sn', 'G'),
(124, 1, 'Bajas', 'Teclado', 'Acteck', 'sn', 'sn', 'G'),
(125, 1, 'Bajas', 'Mouse', 'Apple', 'M5769', 'sn', 'G'),
(126, 1, 'Bajas', 'Mouse', 'Apple', 'M5769', 'sn', 'G'),
(127, 1, 'Bajas', 'Mouse', 'Apple', 'M5769', 'sn', 'G'),
(128, 1, 'Bajas', 'Mouse', 'Apple', 'M5769', 'sn', 'G'),
(129, 1, 'Bajas', 'Mouse', 'Apple', 'M5769', 'VJ317049SNWDA', 'G'),
(130, 1, 'Bajas', 'Mouse', 'Apple', 'M5769', 'VJ316031MNWDA', 'G'),
(131, 1, 'Bajas', 'Computadora', 'Apple', 'eMac', 'ECL0275', 'G'),
(132, 1, 'Bajas', 'Mouse', 'Otros', 'M-3J58', 'LNA14317164', 'G'),
(133, 1, 'Bajas', 'Mouse', 'Acteck', 'AK2-2300', '970013176767', 'G'),
(134, 1, 'Bajas', 'Mouse', 'Acteck', 'AK2-2300', '970013095675', 'G'),
(135, 1, 'Bajas', 'Reproductor dvd', 'Otros', 'DVP-NS50P', 'EAV0228', 'G'),
(136, 1, 'Bajas', 'Reproductor dvd', 'Samsung', 'DVD-P170', '96396CCP505753Y', 'G'),
(137, 1, 'Bajas', 'Gabinete', 'Acer', 'veriton m265', '91600855527', 'G'),
(138, 1, 'Bajas', 'Gabinete', 'Acer', 'veriton m265', '20203288392', 'G'),
(139, 1, 'Bajas', 'Gabinete', 'Acer', 'veriton m265', '91202710027', 'G'),
(140, 1, 'Bajas', 'Gabinete', 'Acer', 'veriton m265', '91600854927', 'G'),
(141, 1, 'Bajas', 'Gabinete', 'Acer', 'veriton m265', '20203288092', 'G'),
(142, 1, 'Bajas', 'Gabinete', 'Ensambladas', 'B273234', 'B273234', 'G'),
(143, 1, 'Bajas', 'Gabinete', 'Ensambladas', 'A06-i', 'sn', 'G'),
(144, 1, 'Bajas', 'Gabinete', 'Ensambladas', 'A06-i', 'L84560007', 'G'),
(145, 1, 'Bajas', 'Gabinete', 'Ensambladas', 'sn', '20050903565', 'G'),
(146, 1, 'Bajas', 'Gabinete', 'Ensambladas', 'sn', 'B291690', 'G'),
(147, 1, 'Bajas', 'Gabinete', 'Ensambladas', 'sn', 'A00', 'G'),
(148, 1, 'Bajas', 'Gabinete', 'Ensambladas', 'sn', 'F09299', 'G'),
(149, 1, 'Bajas', 'Gabinete', 'Ensambladas', 'sn', '20050903556', 'G'),
(150, 1, 'Bajas', 'Gabinete', 'Ensambladas', 'sn', 'ECL0602', 'G'),
(151, 1, 'Bajas', 'Gabinete', 'Ensambladas', 'sn', 'B237936', 'G'),
(152, 1, 'Bajas', 'Gabinete', 'Ensambladas', 'sn', '940009069455', 'G'),
(153, 1, 'Bajas', 'Gabinete', 'Ensambladas', 'sn', '200701145753', 'G'),
(154, 1, 'Bajas', 'Gabinete', 'Ensambladas', 'sn', 'sn', 'G'),
(155, 1, 'Bajas', 'Gabinete', 'Ensambladas', 'sn', 'B256420', 'G'),
(156, 1, 'Bajas', 'Gabinete', 'Ensambladas', 'sn', 'sn', 'G'),
(157, 1, 'Bajas', 'Gabinete', 'Ensambladas', 'sn', 'ECL0932', 'G'),
(158, 1, 'Bajas', 'Gabinete', 'Ensambladas', 'sn', 'B212190', 'G'),
(159, 1, 'Bajas', 'Gabinete', 'Ensambladas', 'sn', 'B264628', 'G'),
(160, 1, 'Bajas', 'Monitor', 'Acer', 'as', 'nose', 'G'),
(161, 1, 'Bajas', 'Disco duro', 'Segate', 'barracuda', '9SZ3F9TW', 'G'),
(162, 1, 'Bajas', 'Disco duro', 'Wester digital', 'WD400', 'sn', 'G'),
(163, 1, 'Bajas', 'Disco duro', 'Wester digital', 'WD400', 'sn', 'G'),
(164, 1, 'Bajas', 'Disco duro', 'Segate', 'ST340015A', 'sn', 'G'),
(165, 1, 'Bajas', 'Disco duro', 'Segate', 'ST340015A', 'sn', 'G'),
(166, 1, 'Bajas', 'Disco duro', 'Segate', 'ST340015A', 'sn', 'G'),
(167, 1, 'Bajas', 'Disco duro', 'Segate', 'ST500DM002', 'sn', 'G'),
(168, 1, 'Bajas', 'Disco duro', 'Segate', 'ST500DM0D2', 'sn', 'G'),
(169, 1, 'Bajas', 'Disco duro', 'Segate', 'ST500DM0D2', 'sn', 'G'),
(170, 1, 'Bajas', 'Disco duro', 'Maxtor', '6L25ORO', 'sn', 'G'),
(171, 1, 'Bajas', 'Disco duro', 'Samsung', 'HD161GJ', 'sn', 'G'),
(172, 1, 'Bajas', 'Disco duro', 'Fujitsu', '469001001', 'sn', 'G'),
(173, 1, 'Bajas', 'Disco duro', 'Samsung', 'ST500LM012', 'sn', 'G'),
(174, 2, 'Negocios', 'Mouse', 'Logitechs', 'M-U0026', '1527HS009C58', 'G'),
(175, 2, 'Negocios', 'Teclado', 'Acteck', 'AT-2700', '1760055063071', 'G'),
(176, 2, 'Negocios', 'Monitor', 'Samsung', 'S22B300B', 'ZWDTHTJCA00006L', 'G'),
(177, 2, 'Negocios', 'Impresora', 'Hp', 'M125nw', 'CNB9J7G2B2', 'G'),
(178, 2, 'Negocios', 'Regulador', 'Chicago Digital Powe', 'R2C-AVR1008', '150411-0005540', 'G'),
(179, 2, 'Negocios', 'Telefono', 'Panasonic', 'KX-TS500ME', '8CAAA088462', 'G'),
(180, 2, 'Negocios', 'Teclado', 'Hp', 'SK-2085', '697737-161', 'G'),
(181, 2, 'Negocios', 'Mouse', 'Hp', 'M910U', 'S/N', 'G'),
(182, 2, 'Negocios', 'Telefono', 'Panasonic', 'KX-T7665', '7DBVD171519', 'G'),
(183, 2, 'Negocios', 'Computadora', 'Hp', '19-2201la', '3CR44909K0', 'G'),
(184, 2, 'Negocios', 'Regulador', 'ISB Sola basic', '850-5041-B', 'E05B19398', 'G'),
(185, 2, 'Negocios', 'Impresora', 'Hp', 'SNRPB-0721', 'CN7AMNK09T', 'G'),
(186, 2, 'Negocios', 'Telefono', 'Panasonic', 'KX-T7665X', '7DBVD171518', 'G'),
(187, 2, 'Negocios', 'Regulador', 'ISB Sola basic', '850-5404-D', 'E01F10602', 'G'),
(188, 2, 'Negocios', 'Monitor', 'Sony', 'PCVD-15XA1/A', '0014120', 'G'),
(189, 2, 'Negocios', 'Teclado', 'Sony', 'PCVA-KB4P/M', '147808421 0031973', 'G'),
(190, 2, 'Negocios', 'Mouse', 'Genius', 'NetScroll120', '375054801270', 'G'),
(191, 2, 'Negocios', 'Gabinete', 'Sony', 'PCV-RS40M', '3010095', 'G'),
(192, 2, 'Negocios', 'Monitor', 'View sonic', 'VS11359', 'QAG072112422', 'G'),
(193, 2, 'Negocios', 'Mouse', 'Genius', 'GM-050008U', '137140106223', 'G'),
(194, 2, 'Negocios', 'Teclado', 'Genius', 'K639', 'WE9A91091525', 'G'),
(195, 2, 'Negocios', 'Gabinete', 'Acteck', 'S/N', '259805025031', 'G'),
(196, 2, 'Negocios', 'Regulador', 'ISB Sola basic', '860-5572-C', 'E02E42059', 'G'),
(197, 2, 'Negocios', 'Regulador', 'ISB Sola basic', 'DN-21-122', 'E13B16630', 'G'),
(198, 2, 'Negocios', 'Gabinete', 'GHIA', 'PCGHIA-1361', '167063', 'G'),
(199, 2, 'Negocios', 'Mouse', 'Acer', 'M-SBR-ACR2', 'S/N', 'G'),
(200, 2, 'Negocios', 'Teclado', 'Genius', 'K639', 'EE9A91038769', 'G'),
(201, 2, 'Negocios', 'Monitor', 'Samsung', 'S19B150N', 'ZUMLH4LC603124W', 'G'),
(202, 2, 'Negocios', 'Telefono', 'Panasonic', 'KX-T7705X-B', '5JCLD172910', 'G'),
(203, 2, 'Negocios', 'Impresora', 'Hp', 'P1102w', 'VNB4D14327', 'G'),
(204, 2, 'Negocios', 'Gabinete', 'Acteck', 'S/N', '940233076976', 'G'),
(205, 2, 'Negocios', 'Regulador', 'ISB Sola basic', '850-5041-B', 'E04B17077', 'G'),
(206, 2, 'Negocios', 'Mouse', 'GHIA', 'S/N', '062030059883', 'G'),
(207, 2, 'Negocios', 'Teclado', 'GHIA', 'S/N', '012030017084', 'G'),
(208, 2, 'Negocios', 'Monitor', 'Acer', 'V193W', 'ETLC108016916077EF4202', 'G'),
(209, 2, 'Negocios', 'Telefono', 'Panasonic', 'KX-TS500MEW', '0DBFB058335', 'G'),
(210, 2, 'Negocios', 'Impresora', 'Hp', 'SNPRB-1202-01', 'CN49O1816V05XH', 'G'),
(211, 2, 'Negocios', 'Switch', 'Otros', 'TL-SF1008D', '2143396006626', 'G'),
(212, 2, 'Negocios', 'Gabinete', 'GHIA', 'PCGHIA-1361', '167069', 'G'),
(213, 2, 'Negocios', 'Regulador', 'ISB Sola basic', '850-5572-B', 'E02B24762', 'G'),
(214, 2, 'Negocios', 'Impresora', 'Hp', 'BOISB-0901-01', 'VNB3Q37405', 'G'),
(215, 2, 'Negocios', 'Telefono', 'Panasonic', 'KX-TS500ME', '0ICKB045150', 'G'),
(216, 2, 'Negocios', 'Laptop', 'Emachines', 'E720-4179', 'LXN060C008842064F21601', 'G'),
(217, 2, 'Negocios', 'Regulador', 'ISB Sola basic', 'DN-21-122', 'E11D37070', 'G'),
(218, 2, 'Negocios', 'Monitor', 'Lg', 'W1943CV', '011NDDM92274', 'G'),
(219, 2, 'Negocios', 'Teclado', 'Perfect choice', 'PC-200567', 'L01420056', 'G'),
(220, 2, 'Negocios', 'Mouse', 'Acer', 'SM-9620', '91203970', 'G'),
(221, 2, 'Negocios', 'Telefono', 'Panasonic', 'KX-TS550MEB', '3JBKD216105', 'G'),
(222, 2, 'Negocios', 'Laptop', 'Asus', 'X441U', 'GCN0WU08729350B', 'G'),
(223, 2, 'Negocios', 'Hubss', 'Logitech', 'S/N', 'S/N', 'G'),
(224, 2, 'Negocios', 'Teclado', 'Acteck', 'AT2700', '1760055063071', 'G'),
(225, 2, 'Negocios', 'Mouse', 'Logitech', 'M100', '1527H5009C58', 'G'),
(226, 2, 'Negocios', 'Monitor', 'Samsung', '522B300BS/2X', 'ZWDTHTJCA00006L', 'G'),
(227, 2, 'Negocios', 'Gabinete', 'Acteck', 'S/N', '940400141157', 'G'),
(228, 3, 'Diseño', 'Monitor', 'Samsung', 'S19C150F', 'ZYGFH4LDC11857T', 'G'),
(229, 3, 'Diseño', 'Telefono', 'Panasonic', 'KX-T7665X', '7DBVD171489', 'G'),
(230, 3, 'Diseño', 'Teclado', 'Acteck', 'AT-2200', '1760065080659', 'G'),
(231, 3, 'Diseño', 'Mouse', 'Acteck', 'AK2-2700', '1760051029344', 'G'),
(232, 3, 'Diseño', 'Regulador', 'ISB Sola basic', 'SLIM VOLT', 'E17H12617', 'G'),
(233, 3, 'Diseño', 'Gabinete', 'Acteck', 'S/N', '9402233107993', 'G'),
(234, 3, 'Diseño', 'Impresora', 'Hp', 'BOISB-0901-02', 'CNG9D2LPJ1', 'G'),
(235, 3, 'Diseño', 'Teclado', 'Logitech', 'Y-U0011', '1613SY015HQ8', 'G'),
(236, 3, 'Diseño', 'Mouse', 'Logitech', 'M-U0026', '1627HS009PL8', 'G'),
(237, 3, 'Diseño', 'Monitor', 'Samsung', 'S19C150F', 'ZYGFH4LDC13665P', 'G'),
(238, 3, 'Diseño', 'Telefono', 'Panasonic', 'KX-TS550MEB', '4BBKD226252', 'G'),
(239, 3, 'Diseño', 'Gabinete', 'Acteck', 'S/N', '2340679058519', 'G'),
(240, 3, 'Diseño', 'Regulador', 'Otros', 'S/N', '1201040581', 'G'),
(241, 3, 'Diseño', 'Telefono', 'Panasonic', 'KX-TS500LXW', '6ACAC669398', 'G'),
(242, 3, 'Diseño', 'Monitor', 'Samsung', 'S19C150F', 'ZYGFH4LDC12372J', 'G'),
(243, 3, 'Diseño', 'Teclado', 'Acteck', 'AK2-2700', '1760051029360', 'G'),
(244, 3, 'Diseño', 'Mouse', 'Acteck', 'AK2-2700', '1760051029360', 'G'),
(245, 3, 'Diseño', 'Telefono', 'Panasonic', 'KX-TS500MEB', '4BBKD226588', 'G'),
(246, 3, 'Diseño', 'Gabinete', 'Acteck', 'S/M', '940233107999', 'G'),
(247, 3, 'Diseño', 'Regulador', 'ISB Sola basic', 'DN-21-122', 'E13B15419', 'G'),
(248, 3, 'Diseño', 'Regulador', 'Chicago Digital Powe', 'R2C-AVR1008', '160125-2083609', 'G'),
(249, 3, 'Diseño', 'Gabinete', 'Hp', 'S/M', 'MXJ6190937', 'G'),
(250, 3, 'Diseño', 'Teclado', 'Logitech', 'Y-U0011', '1715SY03GLB8', 'G'),
(251, 3, 'Diseño', 'Mouse', 'Genius', 'GM-03022P', 'X75270809437', 'G'),
(252, 3, 'Diseño', 'Monitor', 'Samsung', 'S19C150F', 'ZYGFH4LDC13497F', 'G'),
(253, 3, 'Diseño', 'Telefono', 'Panasonic', 'KX-TS550MEB', '4BBKD226434', 'G'),
(254, 3, 'Diseño', 'Laptop', 'Emachines', 'KAWF0', 'LXN280C0419160665E1601', 'G'),
(255, 3, 'Diseño', 'Laptop', 'Emachines', 'KAWF0', 'LXN280C04193327F141601', 'G'),
(256, 3, 'Diseño', 'Regulador', 'ISB Sola basic', 'DN-21-122', 'E11D34816', 'G'),
(257, 3, 'Diseño', 'Teclado', 'Acteck', 'AK2-2700', '1760051029345', 'G'),
(258, 3, 'Diseño', 'Teclado', 'Acteck', 'AK2-2300', '970013053246', 'G'),
(259, 3, 'Diseño', 'Gabinete', 'Acteck', 'S/M', '940233108033', 'G'),
(260, 3, 'Diseño', 'Monitor', 'Acer', 'V193W', 'ETLC108016916077EB4202', 'G'),
(261, 3, 'Diseño', 'Telefono', 'Panasonic', 'LX-TS550MEB', '9LAKB051651', 'G'),
(262, 3, 'Diseño', 'Telefono', 'Panasonic', 'LX-TS550MEB', '4BBKD226499', 'G'),
(263, 3, 'Diseño', 'Regulador', 'ISB Sola basic', 'DN-21-122', 'E05B34505', 'G'),
(264, 3, 'Diseño', 'Laptop', 'Dell', '4XF49A00', '8MR58W1', 'G'),
(265, 3, 'Diseño', 'Mouse', 'Genius', 'GM-04003A', '140698009483', 'G'),
(266, 3, 'Diseño', 'Impresora', 'Hp', 'BOISB-0901-02', 'CNJ8G5V6DG', 'G'),
(267, 3, 'Diseño', 'Impresora', 'Hp', 'BOISB-0901-02', 'CNJ8G1P6FL', 'G'),
(268, 3, 'Diseño', 'Telefono', 'Panasonic', 'KX-T7665X', '7DBVD171655', 'G'),
(269, 3, 'Diseño', 'Laptop', 'Lenovo', '80KY', 'PF0D3C8C', 'G'),
(270, 3, 'Diseño', 'Mouse', 'Otros', 'MO-130', '1760514019540', 'G'),
(271, 3, 'Diseño', 'Regulador', 'Otros', 'S/M', '010067037', 'G'),
(272, 3, 'Diseño', 'Regulador', 'Otros', 'S/M', '021025203', 'G'),
(273, 3, 'Diseño', 'Gabinete', 'Acteck', 'S/M', '940233108030', 'G'),
(274, 3, 'Diseño', 'Impresora', 'Hp', 'BIOSB-0901-06', 'VND3F59520', 'G'),
(275, 3, 'Diseño', 'Mouse', 'Perfect choice', 'PC-043881', 'L120043881', 'G'),
(276, 3, 'Diseño', 'Teclado', 'Acteck', 'AK2-2700', '1760051029356', 'G'),
(277, 3, 'Diseño', 'Telefono', 'Panasonic', 'KX-TS500MEB', '7IAKF276077', 'G'),
(278, 3, 'Diseño', 'Monitor', 'Lg', 'W1943SV', '104NDFV7B675', 'G'),
(279, 4, 'Humanidades', 'Telefono', 'Panasonic', 'KX-T7665X', '7DBVD172329', 'G'),
(280, 4, 'Humanidades', 'Teclado', 'Otros', 'KB-838', '54200392MUPS', 'G'),
(281, 4, 'Humanidades', 'Mouse', 'Acteck', 'MO-200', '1450534122680', 'G'),
(282, 4, 'Humanidades', 'Monitor', 'View sonic', 'VS11618', 'QJ0072352470', 'G'),
(283, 4, 'Humanidades', 'Impresora', 'Hp', 'CANICES-3', 'CNB6H7B5LX', 'G'),
(284, 4, 'Humanidades', 'Gabinete', 'Ensambladas', 'PC-600077', 'L84560007', 'G'),
(285, 4, 'Humanidades', 'Regulador', 'ISB Sola basic', 'DN-21-122', 'E06112584', 'G'),
(286, 4, 'Humanidades', 'Telefono', 'Panasonic', 'KX-T7705XB', '5JCLD170826', 'G'),
(287, 4, 'Humanidades', 'Regulador', 'ISB Sola basic', 'DN-21-122', 'E03A18429', 'G'),
(288, 4, 'Humanidades', 'Gabinete', 'Ensambladas', 'PC-600091', 'L84560009', 'G'),
(289, 4, 'Humanidades', 'Monitor', 'View sonic', 'VS11618', 'QJ0072352367', 'G'),
(290, 4, 'Humanidades', 'Teclado', 'Genius', 'GK-070006/U', 'YB98C1U03404', 'G'),
(291, 4, 'Humanidades', 'Mouse', 'Genius', 'GM-070005', '158737302020', 'G'),
(292, 4, 'Humanidades', 'Gabinete', 'Ensambladas', 'S/M', 'S/N', 'G'),
(293, 4, 'Humanidades', 'Regulador', 'ISB Sola basic', 'DN-21-122', 'E03F09828', 'G'),
(294, 4, 'Humanidades', 'Teclado', 'Genius', 'KB-06XE', 'ZM5639077149', 'G'),
(295, 4, 'Humanidades', 'Mouse', 'Genius', 'GM-03022P', '147942204626', 'G'),
(296, 4, 'Humanidades', 'Monitor', 'Acer', 'AL1515b', 'ETL160A24861002378PY24', 'G'),
(297, 4, 'Humanidades', 'Telefono', 'Panasonic', 'KX-TS500MEB', '4BBKD168985', 'G'),
(298, 4, 'Cómputo 5', 'Teclado', 'Acer', 'PR1101', 'KBPS20P15610700032K701', 'G'),
(299, 4, 'Cómputo 5', 'Teclado', 'Acer', 'KB-0759', 'KBPS203102912038950B01', 'G'),
(300, 4, 'Cómputo 5', 'Teclado', 'Acer', 'KB-0759', 'KBPS203102912043790B01', 'G'),
(301, 4, 'Cómputo 5', 'Teclado', 'Acer', 'KB-0759', 'KBPS203102912045480B01', 'G'),
(302, 4, 'Cómputo 5', 'Teclado', 'Acer', 'KB-0759', 'KBPS203102912045470B01', 'G'),
(303, 4, 'Cómputo 5', 'Teclado', 'Acer', 'KB-0759', 'KBPS203102912045820B01', 'G'),
(304, 4, 'Cómputo 5', 'Teclado', 'Acer', 'PR1101', 'KBPS20P15610100B33K701', 'G'),
(305, 4, 'Cómputo 5', 'Teclado', 'Acer', 'PR1101', 'KBPS20P1561100041FK701', 'G'),
(306, 4, 'Cómputo 5', 'Teclado', 'Acer', 'KB-0759', 'KBPS203102912039010B01', 'G'),
(307, 4, 'Cómputo 5', 'Teclado', 'Acer', 'KB-0759', 'KBPS203102912044010B01', 'G'),
(308, 4, 'Cómputo 5', 'Teclado', 'Acer', 'KB-0759', 'KBPS203102912044540B01', 'G'),
(309, 4, 'Cómputo 5', 'Teclado', 'Acer', 'KB-0759', 'KBPS203102910085700B01', 'G'),
(310, 4, 'Cómputo 5', 'Teclado', 'Acer', 'KB-0759', 'KBPS203102910093010B01', 'G'),
(311, 4, 'Cómputo 5', 'Teclado', 'Acer', 'KB-0759', 'KBPS203102912045860B01', 'G'),
(312, 4, 'Cómputo 5', 'Teclado', 'Acer', 'KB-0759', 'KBPS203102910084590B01', 'G'),
(313, 4, 'Cómputo 5', 'Teclado', 'Acer', 'KB-0759', 'KBPS203102912046270B01', 'G'),
(314, 4, 'Cómputo 5', 'Teclado', 'Acer', 'KB-0759', 'KBPS203102912043990B01', 'G'),
(315, 4, 'Cómputo 5', 'Teclado', 'Acer', 'KB-0759', 'KBPS203102909011800B01', 'G'),
(316, 4, 'Cómputo 5', 'Teclado', 'Acer', 'KB-0759', 'KBPS203102910085710B01', 'G'),
(317, 4, 'Cómputo 5', 'Teclado', 'Acer', 'KB-0759', 'KBPS203102912043530B01', 'G'),
(318, 4, 'Cómputo 5', 'Teclado', 'Acer', 'KB-0759', 'KBPS203102912045690B01', 'G'),
(319, 4, 'Cómputo 5', 'Teclado', 'Acer', 'KB-0759', 'KBPS203102912044380B01', 'G'),
(320, 4, 'Cómputo 5', 'Teclado', 'Acer', 'KB-0759', 'KBPS203102912043960B01', 'G'),
(321, 4, 'Cómputo 5', 'Teclado', 'Acteck', 'AK2-2300', '970013053242', 'G'),
(322, 4, 'Cómputo 5', 'Teclado', 'Acteck', 'AT-2200', '176006508667', 'G'),
(323, 4, 'Cómputo 5', 'Mouse', 'Acer', 'M-SBR-ACR2', 'HC8470C0ZN7', 'G'),
(324, 4, 'Cómputo 5', 'Mouse', 'Acer', 'M-SBR-ACR2', 'HC8470C0ZNG', 'G'),
(325, 4, 'Cómputo 5', 'Mouse', 'Acer', 'M-SBR-ACR2', 'HC8470C0ZMZ', 'G'),
(326, 4, 'Cómputo 5', 'Mouse', 'Acer', 'M-SBR-ACR2', 'S/N', 'G'),
(327, 4, 'Cómputo 5', 'Mouse', 'Acer', 'M-SBR-ACR2', 'HC8470C0ZNB', 'G'),
(328, 4, 'Cómputo 5', 'Mouse', 'Acer', 'M-SBR-ACR2', 'HC8470C0ZN5', 'G'),
(329, 4, 'Cómputo 5', 'Mouse', 'Acer', 'M-SBR-ACR2', 'S/N', 'G'),
(330, 4, 'Cómputo 5', 'Mouse', 'Acer', 'M-SBR-ACR2', 'HC8470C0ZPO', 'G'),
(331, 4, 'Cómputo 5', 'Mouse', 'Acer', 'M-SBR-ACR2', 'HC8470C07X5', 'G'),
(332, 4, 'Cómputo 5', 'Mouse', 'Acer', 'SM-9620', '91203986', 'G'),
(333, 4, 'Cómputo 5', 'Mouse', 'Acer', 'M-SBR-ACR2', 'HC8470C0ZLZ', 'G'),
(334, 4, 'Cómputo 5', 'Mouse', 'Acer', 'M-SBR-ACR2', 'HC8470C07XG', 'G'),
(335, 4, 'Cómputo 5', 'Mouse', 'Acer', 'M-SBR-ACR2', 'HC8470C0ZMR', 'G'),
(336, 4, 'Cómputo 5', 'Mouse', 'Acer', 'M-SBR-ACR2', 'HC8470C0ZP6', 'G'),
(337, 4, 'Cómputo 5', 'Mouse', 'Acer', 'M-SBR-ACR2', 'HC8470C0ZNH', 'G'),
(338, 4, 'Cómputo 5', 'Mouse', 'Acer', 'MOFGKO', 'MS1120008205101A5FK701', 'G'),
(339, 4, 'Cómputo 5', 'Mouse', 'Acer', 'MOFGKO', 'MS1120008205101A6FK01', 'G'),
(340, 4, 'Cómputo 5', 'Mouse', 'Acer', 'MOFGKO', 'MS112000821500197CK701', 'G'),
(341, 4, 'Cómputo 5', 'Mouse', 'Acer', 'MOFGKO', 'MS1120008215001A88K701', 'G'),
(342, 4, 'Cómputo 5', 'Mouse', 'Acer', 'MOFGKO', 'MS112000821500198FK701', 'G'),
(343, 4, 'Cómputo 5', 'Mouse', 'Genius', 'GM-03002PXSCROLL', '141932303589', 'G'),
(344, 4, 'Cómputo 5', 'Mouse', 'Genius', 'NetScroll120', '145873109485', 'G'),
(345, 4, 'Cómputo 5', 'Mouse', 'Genius', 'NetScroll120', 'X56065709331', 'G'),
(346, 4, 'Cómputo 5', 'Mouse', 'Genius', 'GM-03022PXSCROLL', 'X75270809440', 'G'),
(347, 4, 'Cómputo 5', 'Mouse', 'Genius', 'GM-04004P', '115442403680', 'G'),
(348, 4, 'Cómputo 5', 'Monitor', 'Acer', 'G185HV', 'ETLRA0C00211114DF44001', 'G'),
(349, 4, 'Cómputo 5', 'Monitor', 'Acer', 'G185HV', 'ETLRA0C00210934FEA4001', 'G'),
(350, 4, 'Cómputo 5', 'Monitor', 'Acer', 'G185HV', 'ETLRA0C00210934DAC4001', 'G'),
(351, 4, 'Cómputo 5', 'Monitor', 'Acer', 'G185HV', 'ETLRA0C00210934DA94001', 'G'),
(352, 4, 'Cómputo 5', 'Monitor', 'Acer', 'G185HV', 'ETLRA0C00211114E404001', 'G'),
(353, 4, 'Cómputo 5', 'Monitor', 'Acer', 'G185HV', 'ETLRA0C0021090511E4001', 'G'),
(354, 4, 'Cómputo 5', 'Monitor', 'Lg', 'W1943SV', '104NDEZ4Z452', 'G'),
(355, 4, 'Cómputo 5', 'Monitor', 'Acer', 'V193W', 'ETLC10801691607F764202', 'G'),
(356, 4, 'Cómputo 5', 'Monitor', 'Acer', 'V193W', 'ETLC108016916081A14202', 'G'),
(357, 4, 'Cómputo 5', 'Monitor', 'Acer', 'V193W', 'ETLC108016916081A44202', 'G'),
(358, 4, 'Cómputo 5', 'Monitor', 'Acer', 'V193W', 'ETLC108016916081A04202', 'G'),
(359, 4, 'Cómputo 5', 'Monitor', 'Acer', 'V193W', 'ETLC10801691607C274202', 'G'),
(360, 4, 'Cómputo 5', 'Monitor', 'Acer', 'V193W', 'ETLC10801691607C894202', 'G'),
(361, 4, 'Cómputo 5', 'Monitor', 'Acer', 'V193W', 'ETLC10801691607F774202', 'G'),
(362, 4, 'Cómputo 5', 'Monitor', 'Acer', 'V193W', 'ETLC108016916081864202', 'G'),
(363, 4, 'Cómputo 5', 'Monitor', 'Acer', 'V193W', 'ETLC108016916077E44202', 'G'),
(364, 4, 'Cómputo 5', 'Monitor', 'Acer', 'V193W', 'ETLC108016916077E84202', 'G'),
(365, 4, 'Cómputo 5', 'Monitor', 'Acer', 'V193W', 'ETLC1080169160753A4201', 'G'),
(366, 4, 'Cómputo 5', 'Monitor', 'Acer', 'V193W', 'ETLC108016916081A34202', 'G'),
(367, 4, 'Cómputo 5', 'Monitor', 'Acer', 'V193W', 'ETLC108016907EC94202', 'G'),
(368, 4, 'Cómputo 5', 'Monitor', 'Acer', 'V193W', 'ETLC10801691607C2A4202', 'G'),
(369, 4, 'Cómputo 5', 'Monitor', 'Acer', 'V193W', 'ETLC108016916075294201', 'G'),
(370, 4, 'Cómputo 5', 'Monitor', 'Acer', 'V193W', 'ETLC10801691607E334202', 'G'),
(371, 4, 'Cómputo 5', 'Monitor', 'Acer', 'V193W', 'ETLC1080169160817C4202', 'G'),
(372, 4, 'Cómputo 5', 'Monitor', 'Acer', 'V193W', 'ETLC10801691607EC84202', 'G'),
(373, 4, 'Cómputo 5', 'Gabinete', 'Acer', 'VM275-MO10F', 'DTVALAL001202080679203', 'G'),
(374, 4, 'Cómputo 5', 'Gabinete', 'Acer', 'VM265-SC4500D', 'PSV88090039160221E2703', 'G'),
(375, 4, 'Cómputo 5', 'Gabinete', 'Acer', 'VM265-SD2220D', 'PSV8809001916020BE2703', 'G'),
(376, 4, 'Cómputo 5', 'Gabinete', 'Acer', 'VM275-MO10F', 'DTVALAL001202080AE9203', 'G'),
(377, 4, 'Cómputo 5', 'Gabinete', 'Acer', 'VM275-MO10F', 'DTVALAL001202080959203', 'G'),
(378, 4, 'Cómputo 5', 'Gabinete', 'Acer', 'VM275-MO10F', 'DTVALAL001202080B29203', 'G'),
(379, 4, 'Cómputo 5', 'Gabinete', 'Acer', 'VM275-MO10F', 'DTVALAL001202080AF9203', 'G'),
(380, 4, 'Cómputo 5', 'Gabinete', 'Acer', 'VM275-MO10F', 'DTVALAL001202080C09203', 'G'),
(381, 4, 'Cómputo 5', 'Gabinete', 'Acer', 'VM275-MO10F', 'DTVALAL001202080D49203', 'G'),
(382, 4, 'Cómputo 5', 'Gabinete', 'Acer', 'VM275-MO10F', 'DTVALAL001202080B19203', 'G'),
(383, 4, 'Cómputo 5', 'Gabinete', 'Acer', 'VM275-MO10F', 'DTVALAL001202080B79203', 'G'),
(384, 4, 'Cómputo 5', 'Gabinete', 'Acer', 'VM275-MO10F', 'DTVALAL001202080999203', 'G'),
(385, 4, 'Cómputo 5', 'Gabinete', 'Acer', 'VM275-MO10F', 'DTVALAL001202080CC920', 'G'),
(386, 4, 'Cómputo 5', 'Gabinete', 'Acer', 'VM275-MO10F', 'DTVALAL001202080C39203', 'G'),
(387, 4, 'Cómputo 5', 'Gabinete', 'Acer', 'VM275-MO10F', 'S/N', 'G'),
(388, 4, 'Cómputo 5', 'Gabinete', 'Acer', 'Veriton M265', 'PSV880900191904F582703', 'G'),
(389, 4, 'Cómputo 5', 'Gabinete', 'Acer', 'Veriton M265', 'PSV880900191904F8F2703', 'G'),
(390, 4, 'Cómputo 5', 'Gabinete', 'Acer', 'Veriton M265', 'PSV880900191904E862703', 'G'),
(391, 4, 'Cómputo 5', 'Gabinete', 'Acer', 'Veriton M265', 'PSV880900191904F782703', 'G'),
(392, 4, 'Cómputo 5', 'Gabinete', 'Acer', 'Veriton M265', 'PSV880900191904EB12703', 'G'),
(393, 4, 'Cómputo 5', 'Gabinete', 'Acer', 'VM275-SD58001L', 'PSVAL0905010102AD92703', 'G'),
(394, 4, 'Cómputo 5', 'Gabinete', 'Acer', 'VM275-SD58001L', 'PSVAL0905010102A962703', 'G'),
(395, 4, 'Cómputo 5', 'Gabinete', 'Acer', 'VM275-SD58001L', 'PSVAL0905010102ADB2703', 'G'),
(396, 4, 'Cómputo 5', 'Gabinete', 'Acer', 'VM275-SD58001L', 'PSVAL090501010296D2703', 'G'),
(397, 4, 'Cómputo 5', 'Gabinete', 'Acer', 'VM275-SD58001L', 'PSVAL0905010102A7F2703', 'G'),
(398, 4, 'Cómputo 5', 'Regulador', 'ISB Sola basic', 'DN-21-122', 'E02E39501', 'G'),
(399, 4, 'Cómputo 5', 'Regulador', 'ISB Sola basic', 'DN-21-122', 'E06G25867', 'G'),
(400, 4, 'Cómputo 5', 'Regulador', 'ISB Sola basic', 'DN-21-122', 'E06E08013', 'G'),
(401, 4, 'Cómputo 5', 'Regulador', 'ISB Sola basic', 'DN-21-122', 'E03E26115', 'G'),
(402, 4, 'Cómputo 5', 'Regulador', 'ISB Sola basic', 'DN-21-122', 'Q09B23435', 'G'),
(403, 4, 'Cómputo 5', 'Regulador', 'ISB Sola basic', 'DN-21-102', 'E02E39462', 'G'),
(404, 4, 'Cómputo 5', 'Regulador', 'ISB Sola basic', 'S/M', 'S/N', 'G'),
(405, 4, 'Cómputo 5', 'Regulador', 'ISB Sola basic', 'S/M', 'S/N', 'G'),
(406, 4, 'Cómputo 5', 'Regulador', 'ISB Sola basic', 'DN-21-122', 'E05L43469', 'G'),
(407, 4, 'Cómputo 2', 'Teclado', 'Logitech', 'Y-U0011', '1613SY015G38', 'G'),
(408, 4, 'Cómputo 2', 'Teclado', 'Logitech', 'Y-U0011', '1613SY015PM8', 'G'),
(409, 4, 'Cómputo 2', 'Teclado', 'Logitech', 'Y-U0011', '1613SY013XJ8', 'G'),
(410, 4, 'Cómputo 2', 'Teclado', 'Logitech', 'Y-U0011', '1613SY015F08', 'G'),
(411, 4, 'Cómputo 2', 'Teclado', 'Logitech', 'Y-U0011', '1609SY00DQR8', 'G'),
(412, 4, 'Cómputo 2', 'Teclado', 'Logitech', 'Y-U0011', '1613SY015EW8', 'G'),
(413, 4, 'Cómputo 2', 'Teclado', 'Logitech', 'Y-U0011', '1613SY013P48', 'G'),
(414, 4, 'Cómputo 2', 'Teclado', 'Logitech', 'Y-U0011', '1609SY00EME8', 'G'),
(415, 4, 'Cómputo 2', 'Teclado', 'Logitech', 'Y-U0011', '1613SY013P78', 'G'),
(416, 4, 'Cómputo 2', 'Teclado', 'Logitech', 'Y-U0011', '1613SY013P58', 'G'),
(417, 4, 'Cómputo 2', 'Teclado', 'Logitech', 'Y-U0011', '1613SY013XE8', 'G'),
(418, 4, 'Cómputo 2', 'Teclado', 'Logitech', 'Y-U0011', '1613SY013XH8', 'G'),
(419, 4, 'Cómputo 2', 'Teclado', 'Logitech', 'Y-U0011', '1613SY013XG8', 'G'),
(420, 4, 'Cómputo 2', 'Teclado', 'Logitech', 'Y-U0011', 'S/N', 'G'),
(421, 4, 'Cómputo 2', 'Teclado', 'Logitech', 'Y-U0011', '1613SY013R78', 'G'),
(422, 4, 'Cómputo 2', 'Teclado', 'Logitech', 'Y-U0011', '1613SY015EY8', 'G'),
(423, 4, 'Cómputo 2', 'Teclado', 'Logitech', 'Y-U0011', '1613SY015KD8', 'G'),
(424, 4, 'Cómputo 2', 'Teclado', 'Logitech', 'Y-U0011', '1613SY015G58', 'G'),
(425, 4, 'Cómputo 2', 'Teclado', 'Logitech', 'Y-U0011', '1609SY00DQP8', 'G'),
(426, 4, 'Cómputo 2', 'Teclado', 'Logitech', 'Y-U0011', '1609SY00D4C8', 'G'),
(427, 4, 'Cómputo 2', 'Teclado', 'Logitech', 'Y-U0011', '1609SY00EJE8', 'G'),
(428, 4, 'Cómputo 2', 'Teclado', 'Logitech', 'Y-U0011', '1609SY00DU38', 'G'),
(429, 4, 'Cómputo 2', 'Teclado', 'Logitech', 'Y-U0011', '1609SY00D4B8', 'G'),
(430, 4, 'Cómputo 2', 'Teclado', 'Logitech', 'Y-U0011', '1609SY00DU68', 'G'),
(431, 4, 'Cómputo 2', 'Mouse', 'Logitech', 'M-U0026', 's/n', 'G'),
(432, 4, 'Cómputo 2', 'Mouse', 'Logitech', 'M-U0026', 's/n', 'G'),
(433, 4, 'Cómputo 2', 'Mouse', 'Logitech', 'M-U0026', 's/n', 'G'),
(434, 4, 'Cómputo 2', 'Mouse', 'Logitech', 'M-U0026', 's/n', 'G'),
(435, 4, 'Cómputo 2', 'Mouse', 'Logitech', 'M-U0026', 's/n', 'G'),
(436, 4, 'Cómputo 2', 'Mouse', 'Logitech', 'M-U0026', 's/n', 'G'),
(437, 4, 'Cómputo 2', 'Mouse', 'Logitech', 'M-U0026', 's/n', 'G'),
(438, 4, 'Cómputo 2', 'Mouse', 'Logitech', 'M-U0026', 's/n', 'G'),
(439, 4, 'Cómputo 2', 'Mouse', 'Logitech', 'M-U0026', 's/n', 'G'),
(440, 4, 'Cómputo 2', 'Mouse', 'Logitech', 'M-U0026', 's/n', 'G'),
(441, 4, 'Cómputo 2', 'Mouse', 'Logitech', 'M-U0026', 's/n', 'G'),
(442, 4, 'Cómputo 2', 'Mouse', 'Logitech', 'M-U0026', 's/n', 'G'),
(443, 4, 'Cómputo 2', 'Mouse', 'Logitech', 'M-U0026', 's/n', 'G'),
(444, 4, 'Cómputo 2', 'Mouse', 'Logitech', 'M-U0026', 's/n', 'G'),
(445, 4, 'Cómputo 2', 'Mouse', 'Logitech', 'M-U0026', 's/n', 'G'),
(446, 4, 'Cómputo 2', 'Mouse', 'Logitech', 'M-U0026', 's/n', 'G'),
(447, 4, 'Cómputo 2', 'Mouse', 'Logitech', 'M-U0026', 's/n', 'G'),
(448, 4, 'Cómputo 2', 'Mouse', 'Logitech', 'M-U0026', 's/n', 'G'),
(449, 4, 'Cómputo 2', 'Mouse', 'Logitech', 'M-U0026', 's/n', 'G'),
(450, 4, 'Cómputo 2', 'Mouse', 'Logitech', 'M-U0026', 's/n', 'G'),
(451, 4, 'Cómputo 2', 'Mouse', 'Logitech', 'M-U0026', 's/n', 'G'),
(452, 4, 'Cómputo 2', 'Mouse', 'Logitech', 'M-U0026', 's/n', 'G'),
(453, 4, 'Cómputo 2', 'Mouse', 'Logitech', 'M-U0026', 's/n', 'G'),
(454, 4, 'Cómputo 2', 'Mouse', 'Logitech', 'M-U0026', 's/n', 'G'),
(455, 4, 'Cómputo 2', 'Mouse', 'Logitech', 'M-U0026', 's/n', 'G'),
(456, 4, 'Cómputo 2', 'Teclado', 'Logitech', 'Y-U0011', '1609SY00EJD8', 'G'),
(457, 4, 'Cómputo 2', 'Monitor', 'Asus', 'VN247', 'E3LMTF154453', 'G'),
(458, 4, 'Cómputo 2', 'Monitor', 'Asus', 'VN247', 'E4LMTF087341', 'G'),
(459, 4, 'Cómputo 2', 'Monitor', 'Asus', 'VN247', 'E3LMTF154441', 'G'),
(460, 4, 'Cómputo 2', 'Monitor', 'Asus', 'VN247', 'E3LMTF103400', 'G'),
(461, 4, 'Cómputo 2', 'Monitor', 'Asus', 'VN247', 'E3LMTF154430', 'G'),
(462, 4, 'Cómputo 2', 'Monitor', 'Asus', 'VN247', 'E3LMTF154440', 'G'),
(463, 4, 'Cómputo 2', 'Monitor', 'Asus', 'VN247', 'E3LMTF154446', 'G'),
(464, 4, 'Cómputo 2', 'Monitor', 'Asus', 'VN247', 'E4LMTF087327', 'G'),
(465, 4, 'Cómputo 2', 'Monitor', 'Asus', 'VN247', 'E3LMTF154437', 'G'),
(466, 4, 'Cómputo 2', 'Monitor', 'Asus', 'VN247', 'F3LMTF150638', 'G'),
(467, 4, 'Cómputo 2', 'Monitor', 'Asus', 'VN247', 'E3LMTF154143', 'G'),
(468, 4, 'Cómputo 2', 'Monitor', 'Asus', 'VN247', 'E3LMTF154465', 'G'),
(469, 4, 'Cómputo 2', 'Monitor', 'Asus', 'VN247', 'E3LMTF154448', 'G'),
(470, 4, 'Cómputo 2', 'Monitor', 'Asus', 'VN247', 'E3LMTF154439', 'G'),
(471, 4, 'Cómputo 2', 'Monitor', 'Asus', 'VN247', 'E3LMTF154468', 'G'),
(472, 4, 'Cómputo 2', 'Monitor', 'Asus', 'VN247', 'F3LMTF150540', 'G'),
(473, 4, 'Cómputo 2', 'Monitor', 'Asus', 'VN247', 'E3LMTF154444', 'G'),
(474, 4, 'Cómputo 2', 'Monitor', 'Asus', 'VN247', 'E3LMTF154464', 'G'),
(475, 4, 'Cómputo 2', 'Monitor', 'Asus', 'VN247', 'E4LMTF087328', 'G'),
(476, 4, 'Cómputo 2', 'Monitor', 'Asus', 'VN247', 'E3LMTF154435', 'G'),
(477, 4, 'Cómputo 2', 'Monitor', 'Asus', 'VN247', 'E3LMTF103374', 'G'),
(478, 4, 'Cómputo 2', 'Monitor', 'Asus', 'VN247', 'F3LMTF150545', 'G'),
(479, 4, 'Cómputo 2', 'Monitor', 'Asus', 'VN247', 'E3LMTF103387', 'G'),
(480, 4, 'Cómputo 2', 'Monitor', 'Asus', 'VN247', 'F3LMTF148666', 'G'),
(481, 4, 'Cómputo 2', 'Monitor', 'Asus', 'VN247', 'E4LMTF087333', 'G'),
(482, 4, 'Cómputo 2', 'Gabinete', 'Ensambladas', 'S/M', 'TC210BKR5001141200595', 'G'),
(483, 4, 'Cómputo 2', 'Gabinete', 'Ensambladas', 'S/M', 'TC210BKR5001141100503', 'G'),
(484, 4, 'Cómputo 2', 'Gabinete', 'Ensambladas', 'S/M', 'TC210BKR5001141200263', 'G'),
(485, 4, 'Cómputo 2', 'Gabinete', 'Ensambladas', 'S/M', 'TC210BKR5001141200436', 'G'),
(486, 4, 'Cómputo 2', 'Gabinete', 'Ensambladas', 'S/M', 'TC210BKR5001141100469', 'G'),
(487, 4, 'Cómputo 2', 'Gabinete', 'Ensambladas', 'S/M', 'TC210BKR5001141100504', 'G'),
(488, 4, 'Cómputo 2', 'Gabinete', 'Ensambladas', 'S/M', 'TC210BKR5001141100486', 'G'),
(489, 4, 'Cómputo 2', 'Gabinete', 'Ensambladas', 'S/M', 'TC210BKR5001141200599', 'G'),
(490, 4, 'Cómputo 2', 'Gabinete', 'Ensambladas', 'S/M', 'TC210BKR5001141200405', 'G'),
(491, 4, 'Cómputo 2', 'Gabinete', 'Ensambladas', 'S/M', 'TC210BKR5001141100502', 'G'),
(492, 4, 'Cómputo 2', 'Gabinete', 'Ensambladas', 'S/M', 'TC210BKR5001142000206', 'G'),
(493, 4, 'Cómputo 2', 'Gabinete', 'Ensambladas', 'S/M', 'TC210BKR5001141200404', 'G'),
(494, 4, 'Cómputo 2', 'Gabinete', 'Ensambladas', 'S/M', 'TC210BKR5001141200591', 'G'),
(495, 4, 'Cómputo 2', 'Gabinete', 'Ensambladas', 'S/M', 'TC210BKR5001141200461', 'G'),
(496, 4, 'Cómputo 2', 'Gabinete', 'Ensambladas', 'S/M', 'TC210BKR5001141100483', 'G'),
(497, 4, 'Cómputo 2', 'Gabinete', 'Ensambladas', 'S/M', 'TC210BKR5001141100485', 'G'),
(498, 4, 'Cómputo 2', 'Gabinete', 'Ensambladas', 'S/M', 'TC210BKR5001141200587', 'G'),
(499, 4, 'Cómputo 2', 'Gabinete', 'Ensambladas', 'S/M', 'TC210BKR5001141100484', 'G'),
(500, 4, 'Cómputo 2', 'Gabinete', 'Ensambladas', 'S/M', 'TC210BKR5001141100495', 'G'),
(501, 4, 'Cómputo 2', 'Gabinete', 'Ensambladas', 'S/M', 'TC210BKR5001141200414', 'G'),
(502, 4, 'Cómputo 2', 'Gabinete', 'Ensambladas', 'S/M', 'TC210BKR5001141300369', 'G'),
(503, 4, 'Cómputo 2', 'Gabinete', 'Ensambladas', 'S/M', 'TC210BKR5001142000183', 'G'),
(504, 4, 'Cómputo 2', 'Gabinete', 'Ensambladas', 'S/M', 'TC210BKR5001141200594', 'G'),
(505, 4, 'Cómputo 2', 'Gabinete', 'Ensambladas', 'S/M', 'TC210BKR5001141200439', 'G'),
(506, 4, 'Cómputo 2', 'Gabinete', 'Ensambladas', 'S/M', 'TC210BKR5001141100500', 'G'),
(507, 4, 'Cómputo 2', 'Gabinete', 'Ensambladas', 'S/M', '2350987032864', 'G'),
(508, 4, 'Cómputo 2', 'Gabinete', 'Ensambladas', 'S/M', '2350987032933', 'G'),
(509, 4, 'Cómputo 2', 'Gabinete', 'Ensambladas', 'S/M', '2350987032108', 'G'),
(510, 4, 'Cómputo 2', 'Gabinete', 'Ensambladas', 'S/M', '2350987032864', 'G'),
(511, 4, 'Cómputo 2', 'Monitor', 'Asus', 'VP228', 'H4LMTF087330', 'G'),
(512, 4, 'Cómputo 2', 'Monitor', 'Asus', 'VP228', 'H4LMTF088376', 'G'),
(513, 4, 'Cómputo 2', 'Monitor', 'Asus', 'VP228', 'H4LMTF088452', 'G'),
(514, 4, 'Cómputo 2', 'Monitor', 'Asus', 'VP228', 'H4LMTF088379', 'G'),
(515, 4, 'Cómputo 2', 'Teclado', 'Truebasix', 'TB-01006', '1760955111801', 'G'),
(516, 4, 'Cómputo 2', 'Teclado', 'Truebasix', 'TB-01006', '1760955111813', 'G'),
(517, 4, 'Cómputo 2', 'Teclado', 'Truebasix', 'TB-01006', '1760955111802', 'G'),
(518, 4, 'Cómputo 2', 'Teclado', 'Truebasix', 'TB-01006', '1760955111803', 'G'),
(519, 4, 'Cómputo 2', 'Mouse', 'Truebasix', 'TB-01006', '1760955111803', 'G'),
(520, 4, 'Cómputo 2', 'Mouse', 'Truebasix', 'TB-01006', '1760955111802', 'G'),
(521, 4, 'Cómputo 2', 'Mouse', 'Truebasix', 'TB-01006', '1760955111813', 'G'),
(522, 4, 'Cómputo 2', 'Mouse', 'Truebasix', 'TB-01006', '1760955111801', 'G'),
(523, 4, 'Cómputo 5', 'Regulador', 'Chicago Digital Powe', 'R2C-AVR1008', '150952-2081980', 'G'),
(524, 4, 'Ingeniería', 'Mouse', 'Genius', 'NetScroll120', 'X55979907420', 'G'),
(525, 4, 'Ingeniería', 'Teclado', 'Compaq', 'RT7H00', 'N250308385', 'G'),
(526, 4, 'Ingeniería', 'Monitor', 'Acer', 'G185HV', 'ETLRA0C00211114E014001', 'G'),
(527, 4, 'Ingeniería', 'Impresora', 'Hp', 'BOISB-0901-02', 'CNG9DLR7N', 'G'),
(528, 4, 'Ingeniería', 'Regulador', 'ISB Sola basic', 'DN-21-122', 'E12E11349', 'G'),
(529, 4, 'Ingeniería', 'Gabinete', 'Hp', 'dc5100MT', 'MXJ54101TT', 'G'),
(530, 4, 'Ingeniería', 'Telefono', 'Panasonic', 'KX-T7665X', '7DBVD171500', 'G'),
(531, 4, 'Ingeniería', 'Telefono', 'Panasonic', 'KX-T7703X', '5ECLC585165', 'G'),
(532, 4, 'Ingeniería', 'Telefono', 'Panasonic', 'KX-T7703X', '5ECLC584906', 'G'),
(533, 4, 'Ingeniería', 'Telefono', 'Panasonic', 'KX-T7703X', '5ECLC585324', 'G'),
(534, 4, 'Ingeniería', 'Telefono', 'Panasonic', 'KX-T7703X', '4ECLC360071', 'G'),
(535, 4, 'Ingeniería', 'Telefono', 'Panasonic', 'KX-T7703X', '4FBLC384905', 'G'),
(536, 4, 'Ingeniería', 'Telefono', 'Panasonic', 'KX-T7703X', '5ECLC585416', 'G'),
(537, 4, 'Ingeniería', 'Telefono', 'Panasonic', 'KX-TS550MEW', '1LAKB160502', 'G'),
(538, 4, 'Ingeniería', 'Telefono', 'Panasonic', 'KX-TS550MEB', '3JBKD216163', 'G'),
(539, 4, 'Ingeniería', 'Telefono', 'Panasonic', 'KX-T7665X', '7DBVD171433', 'G'),
(540, 4, 'Ingeniería', 'Impresora', 'Hp', 'BOISB-0901-06', 'VNB4408445', 'G'),
(541, 4, 'Ingeniería', 'Impresora', 'Hp', 'BOISB-0901-01', 'VNB3Q31580', 'G'),
(542, 4, 'Ingeniería', 'Telefono', 'Panasonic', 'KX-TS550ME', '0DAKB079951', 'G'),
(543, 4, 'Cómputo 2', 'Regulador', 'ISB Sola basic', 'DN-21-102', 'E04C02254', 'G'),
(544, 4, 'Cómputo 2', 'Regulador', 'ISB Sola basic', 'DN-21-102', 'E01F10162', 'G'),
(545, 4, 'Cómputo 2', 'Regulador', 'ISB Sola basic', 'DN-21-102', 'S/N', 'G'),
(546, 4, 'Cómputo 2', 'Regulador', 'ISB Sola basic', 'DN-21-122', 'Q09C29963', 'G'),
(547, 4, 'Cómputo 2', 'Regulador', 'ISB Sola basic', 'DN-21-122', 'S/N', 'G'),
(548, 4, 'Cómputo 2', 'Regulador', 'ISB Sola basic', 'DN-21-122', 'E06D08990', 'G'),
(549, 4, 'Cómputo 2', 'Regulador', 'TDE', 'S/M', 'S/N', 'G'),
(550, 4, 'Cómputo 2', 'Regulador', 'TDE', 'S/M', 'S/N', 'G'),
(551, 4, 'Cómputo 2', 'Regulador', 'TDE', 'S/M', '021022374', 'G'),
(552, 4, 'Cómputo 2', 'Regulador', 'ISB Sola basic', 'S/M', 'S/N', 'G'),
(553, 4, 'Cómputo 2', 'Regulador', 'TDE', 'S/M', 'S/N', 'G'),
(554, 4, 'Cómputo 2', 'Digitalizador', 'Intertek', 'AF110S.C', '10069059', 'G'),
(555, 4, 'Cómputo 3', 'Teclado', 'Dell', 'KB212-B', 'CN0C639N7161629M0Z1KA00', 'G'),
(556, 4, 'Cómputo 3', 'Teclado', 'Dell', 'KB212-B', 'CN0C639N7161629J0HZ3A00', 'G'),
(557, 4, 'Cómputo 3', 'Teclado', 'Dell', 'KB212-B', 'CN0C639N7161634507QSA00', 'G'),
(558, 4, 'Cómputo 3', 'Teclado', 'Dell', 'KB212-B', 'CN0C639N7161634506UXA00', 'G'),
(559, 4, 'Cómputo 3', 'Teclado', 'Dell', 'KB212-B', 'CN0C639N7161629L0CEXA00', 'G'),
(560, 4, 'Cómputo 3', 'Teclado', 'Dell', 'KB212-B', 'CN0C639N7161629M0YOIA00', 'G'),
(561, 4, 'Cómputo 3', 'Teclado', 'Dell', 'KB212-B', 'CN0C639N7161629L0CEYA00', 'G'),
(562, 4, 'Cómputo 3', 'Teclado', 'Dell', 'KB212-B', 'CN0C639N7161629Q0KGCA00', 'G'),
(563, 4, 'Cómputo 3', 'Teclado', 'Dell', 'KB212-B', 'CN0C639N7161629L04XVA00', 'G'),
(564, 4, 'Cómputo 3', 'Teclado', 'Dell', 'KB212-B', 'CN0C639N7161634507QOA00', 'G'),
(565, 4, 'Cómputo 3', 'Teclado', 'Dell', 'KB212-B', 'CN0C639N7161634508WKA00', 'G'),
(566, 4, 'Cómputo 3', 'Teclado', 'Dell', 'KB212-B', 'CN0C639N7161629L062YA00', 'G'),
(567, 4, 'Cómputo 3', 'Teclado', 'Dell', 'KB212-B', 'CN0C639N7161629L05CZA00', 'G'),
(568, 4, 'Cómputo 3', 'Teclado', 'Dell', 'KB212-B', 'CN0C639N7161629L0B94A00', 'G'),
(569, 4, 'Cómputo 3', 'Teclado', 'Dell', 'KB212-B', 'CN0C639N7161629L09VCA00', 'G'),
(570, 4, 'Cómputo 3', 'Teclado', 'Dell', 'KB212-B', 'CN0C639N716169L08GBA00', 'G'),
(571, 4, 'Cómputo 3', 'Teclado', 'Dell', 'KB212-B', 'CN0C639N7161629L0633A00', 'G'),
(572, 4, 'Cómputo 3', 'Teclado', 'Dell', 'KB212-B', 'CN0C639N7161629L0714A00', 'G'),
(573, 4, 'Cómputo 3', 'Teclado', 'Dell', 'KB212-B', 'CN0C6397161634A0327A00', 'G'),
(574, 4, 'Cómputo 3', 'Teclado', 'Acer', 'PR1101', 'KBPS20P15611000751K701', 'G'),
(575, 4, 'Cómputo 3', 'Teclado', 'Logitech', 'Y-U0011', '1613SY014YZ8', 'G'),
(576, 4, 'Cómputo 3', 'Teclado', 'Logitech', 'Y-U0011', '1613SY013UM8', 'G'),
(577, 4, 'Cómputo 3', 'Teclado', 'Logitech', 'Y-U0011', '1618SY01V268', 'G'),
(578, 4, 'Cómputo 3', 'Teclado', 'Logitech', 'Y-U0011', '1618SY01V278', 'G'),
(579, 4, 'Cómputo 3', 'Teclado', 'Logitech', 'Y-U0011', '1613SY015J48', 'G'),
(580, 4, 'Cómputo 3', 'Teclado', 'Logitech', 'Y-U0011', '1613SY015JD8', 'G'),
(581, 4, 'Cómputo 3', 'Teclado', 'Logitech', 'Y-U0011', '1613SY015J78', 'G'),
(582, 4, 'Cómputo 3', 'Teclado', 'Logitech', 'Y-U0011', '1618SY01V258', 'G'),
(583, 4, 'Cómputo 3', 'Teclado', 'Logitech', 'Y-U0011', '1618SY01V248', 'G'),
(584, 4, 'Cómputo 3', 'Teclado', 'Logitech', 'Y-U0011', '1613SY015J58', 'G'),
(585, 4, 'Cómputo 3', 'Teclado', 'Logitech', 'Y-U0011', '1715SY03F0Q8', 'G'),
(586, 4, 'Cómputo 3', 'Teclado', 'Logitech', 'Y-U0009', '1244SC502H38', 'G'),
(587, 4, 'Cómputo 3', 'Teclado', 'Lenovo', 'KU0225', '5931748', 'G'),
(588, 4, 'Cómputo 3', 'Mouse', 'Dell', 'N889', 'CN011D3V7158126B07XM', 'G'),
(589, 4, 'Cómputo 3', 'Mouse', 'Dell', 'N889', 'CN09RRC74872935F0B1Q', 'G'),
(590, 4, 'Cómputo 3', 'Mouse', 'Dell', 'N889', 'CN09RRC748729014Q', 'G'),
(591, 4, 'Cómputo 3', 'Mouse', 'Dell', 'N889', 'CN011D3V7158127916I4', 'G'),
(592, 4, 'Cómputo 3', 'Mouse', 'Dell', 'N889', 'CN011D3V715812790Z55', 'G'),
(593, 4, 'Cómputo 3', 'Mouse', 'Dell', 'N889', 'CN011D3V715812790Z8I', 'G'),
(594, 4, 'Cómputo 3', 'Mouse', 'Dell', 'N889', 'CN09RRC7487292AA09MK', 'G'),
(595, 4, 'Cómputo 3', 'Mouse', 'Dell', 'N889', 'CN011D3V7158126B07WU', 'G'),
(596, 4, 'Cómputo 3', 'Mouse', 'Dell', 'N889', 'CN09RRC74872935D0LG1', 'G'),
(597, 4, 'Cómputo 3', 'Mouse', 'Dell', 'N889', 'CN011D3V715812641I89', 'G'),
(598, 4, 'Cómputo 3', 'Mouse', 'Dell', 'N889', 'CN011D3V7158133K0NVS', 'G'),
(599, 4, 'Cómputo 3', 'Mouse', 'Dell', 'N889', 'CN011D3V715812790ZF7', 'G'),
(600, 4, 'Cómputo 3', 'Mouse', 'Dell', 'N889', 'CN011D3V715812641HZ4', 'G'),
(601, 4, 'Cómputo 3', 'Mouse', 'Dell', 'N889', 'CN011D3V7158126B07XX', 'G'),
(602, 4, 'Cómputo 3', 'Mouse', 'Dell', 'N889', 'CN011D3V7158127916LQ', 'G'),
(603, 4, 'Cómputo 3', 'Mouse', 'Logitech', 'M-U0026', 's/n', 'G'),
(604, 4, 'Cómputo 3', 'Mouse', 'Logitech', 'M-U0026', 's/n', 'G'),
(605, 4, 'Cómputo 3', 'Mouse', 'Logitech', 'M-U0026', 's/n', 'G'),
(606, 4, 'Cómputo 3', 'Mouse', 'Logitech', 'M-U0026', 's/n', 'G'),
(607, 4, 'Cómputo 3', 'Mouse', 'Logitech', 'M-U0026', 's/n', 'G'),
(608, 4, 'Cómputo 3', 'Mouse', 'Logitech', 'M-U0026', 's/n', 'G'),
(609, 4, 'Cómputo 3', 'Mouse', 'Logitech', 'M-U0026', 's/n', 'G'),
(610, 4, 'Cómputo 3', 'Mouse', 'Logitech', 'M-U0026', 's/n', 'G'),
(611, 4, 'Cómputo 3', 'Mouse', 'Logitech', 'M-U0026', 's/n', 'G'),
(612, 4, 'Cómputo 3', 'Mouse', 'Logitech', 'M-U0026', 's/n', 'G'),
(613, 4, 'Cómputo 3', 'Mouse', 'Logitech', 'M-U0026', 's/n', 'G'),
(614, 4, 'Cómputo 3', 'Mouse', 'Logitech', 'M-U0026', '1242HS03J2B8', 'G'),
(615, 4, 'Cómputo 3', 'Mouse', 'Lenovo', 'M-U0025-O', 'HS417HA1KVC', 'G'),
(616, 4, 'Cómputo 3', 'Mouse', 'Lenovo', 'M-U0025-O', '0B66364', 'G'),
(617, 4, 'Cómputo 3', 'Mouse', 'Genius', 'NetScroll120', 'X56065709328', 'G'),
(618, 4, 'Cómputo 3', 'Mouse', 'Genius', 'GM03022PXSCROLL', 'X75270809438', 'G'),
(619, 4, 'Cómputo 3', 'Mouse', 'Genius', 'GM070005', 'YB4AC1U06900', 'G'),
(620, 4, 'Cómputo 3', 'Mouse', 'Otros', 'MOFGKO', 'MS11200008215001963K701', 'G'),
(621, 4, 'Cómputo 3', 'Monitor', 'Dell', 'E1913c', 'CN06JX4Y6418028P4SQS', 'G'),
(622, 4, 'Cómputo 3', 'Monitor', 'Dell', 'E1913c', 'MX06NNNW707152640CUS', 'G'),
(623, 4, 'Cómputo 3', 'Monitor', 'Dell', 'E1913c', 'MX06NNNW707152640CYS', 'G'),
(624, 4, 'Cómputo 3', 'Monitor', 'Dell', 'E1913c', 'MX06NNNW7071526408BS', 'G'),
(625, 4, 'Cómputo 3', 'Monitor', 'Dell', 'E1913c', 'CN06JX4Y6418029T02PS', 'G'),
(626, 4, 'Cómputo 3', 'Monitor', 'Dell', 'E1913c', 'CN06JX4Y641802CL434M', 'G'),
(627, 4, 'Cómputo 3', 'Monitor', 'Dell', 'E1913c', 'CN06JX4Y6418028M0B1L', 'G'),
(628, 4, 'Cómputo 3', 'Monitor', 'Dell', 'E1913c', 'CN06JX4Y6418036L18WL', 'G'),
(629, 4, 'Cómputo 3', 'Monitor', 'Dell', 'E1913c', 'CN06JX4Y6418028P4Y3S', 'G'),
(630, 4, 'Cómputo 3', 'Monitor', 'Dell', 'E1913c', 'CN06JX4Y6418028P4K9S', 'G'),
(631, 4, 'Cómputo 3', 'Monitor', 'Dell', 'E1913c', 'MX06nnnw7071526408MS', 'G'),
(632, 4, 'Cómputo 3', 'Monitor', 'Dell', 'E1913c', 'CN06JX4Y6418028M038L', 'G'),
(633, 4, 'Cómputo 3', 'Monitor', 'Dell', 'E1913c', 'CN06JX4Y641828P4SZS', 'G'),
(634, 4, 'Cómputo 3', 'Monitor', 'Dell', 'E1913c', 'CN06JX4Y6418029T0V1S', 'G'),
(635, 4, 'Cómputo 3', 'Monitor', 'Dell', 'E1913c', 'CN06JX4Y6418028P526S', 'G'),
(636, 4, 'Cómputo 3', 'Monitor', 'Dell', 'E1913c', 'CN06JX4Y641802B20A4L', 'G'),
(637, 4, 'Cómputo 3', 'Monitor', 'Dell', 'E1913c', 'CN06JX4Y641802B20AAL', 'G'),
(638, 4, 'Cómputo 3', 'Monitor', 'Dell', 'E1913c', 'MX06NNNW707152640CTS', 'G'),
(639, 4, 'Cómputo 3', 'Monitor', 'Dell', 'E1913c', 'CN06JX4Y6418029T1YS', 'G'),
(640, 4, 'Cómputo 3', 'Monitor', 'Dell', 'E1913c', 'MX06NNNW707152640D3S', 'G'),
(641, 4, 'Cómputo 3', 'Monitor', 'Lenovo', '1453HB1', 'V1K2999', 'G'),
(642, 4, 'Cómputo 3', 'Monitor', 'Lenovo', '1453HB1', 'V1G5626', 'G'),
(643, 4, 'Cómputo 3', 'Monitor', 'Lenovo', '1453HB1', 'V1L2177', 'G'),
(644, 4, 'Cómputo 3', 'Monitor', 'Lg', '22MP48HQ', '607NTMX7A987', 'G'),
(645, 4, 'Cómputo 3', 'Monitor', 'Lg', '22MP48HQ', '607NTZN7B005', 'G'),
(646, 4, 'Cómputo 3', 'Monitor', 'Lg', '22MP48HQ', '607NTSU7A982', 'G'),
(647, 4, 'Cómputo 3', 'Monitor', 'Lg', '22MP48HQ', '607NTLE7A984', 'G'),
(648, 4, 'Cómputo 3', 'Monitor', 'Lg', '22MP48HQ', '607NTJJ7B020', 'G'),
(649, 4, 'Cómputo 3', 'Monitor', 'Lg', '22MP48HQ', '607NTEP7B012', 'G'),
(650, 4, 'Cómputo 3', 'Monitor', 'Lg', '22MP48HQ', '607NTXR7A994', 'G'),
(651, 4, 'Cómputo 3', 'Monitor', 'Lg', '22MP48HQ', '607NTQD7B004', 'G'),
(652, 4, 'Cómputo 3', 'Monitor', 'Lg', '22MP48HQ', '607NTCZ7B003', 'G'),
(653, 4, 'Cómputo 3', 'Monitor', 'Lg', '22MP48HQ', '607NTNH7B015', 'G'),
(654, 4, 'Cómputo 3', 'Gabinete', 'Dell', 'D09M', 'FV0XYV1', 'G'),
(655, 4, 'Cómputo 3', 'Gabinete', 'Dell', 'D09M', '1H7RYV1', 'G'),
(656, 4, 'Cómputo 3', 'Gabinete', 'Dell', 'D09M', '7P2NYV1', 'G'),
(657, 4, 'Cómputo 3', 'Gabinete', 'Dell', 'D09M', '8NHNYV1', 'G'),
(658, 4, 'Cómputo 3', 'Gabinete', 'Dell', 'D09M', '1HMRYV1', 'G'),
(659, 4, 'Cómputo 3', 'Gabinete', 'Dell', 'D09M', '7P7QYV1', 'G'),
(660, 4, 'Cómputo 3', 'Gabinete', 'Dell', 'D09M', '7N8NYV1', 'G'),
(661, 4, 'Cómputo 3', 'Gabinete', 'Dell', 'D09M', '6WM0ZV1', 'G'),
(662, 4, 'Cómputo 3', 'Gabinete', 'Dell', 'D09M', '90PNYV1', 'G'),
(663, 4, 'Cómputo 3', 'Gabinete', 'Dell', 'D09M', '7MCRYV1', 'G'),
(664, 4, 'Cómputo 3', 'Gabinete', 'Dell', 'D09M', '89VPYV1', 'G'),
(665, 4, 'Cómputo 3', 'Gabinete', 'Dell', 'D09M', '8ZVPYV1', 'G'),
(666, 4, 'Cómputo 3', 'Gabinete', 'Dell', 'D09M', '90ZQYV1', 'G'),
(667, 4, 'Cómputo 3', 'Gabinete', 'Dell', 'D09M', '8CRNYV1', 'G'),
(668, 4, 'Cómputo 3', 'Gabinete', 'Dell', 'D09M', '85ZPYV1', 'G'),
(669, 4, 'Cómputo 3', 'Gabinete', 'Dell', 'D09M', 'G02YYV1', 'G'),
(670, 4, 'Cómputo 3', 'Gabinete', 'Dell', 'D09M', 's/n', 'G');
INSERT INTO `tb_inventariodetalle` (`id`, `fkInventario`, `ubicacion`, `dispositivo`, `marca`, `modelo`, `serie`, `estado`) VALUES
(671, 4, 'Cómputo 3', 'Gabinete', 'Dell', 'D09M', 'FYKYYV1', 'G'),
(672, 4, 'Cómputo 3', 'Gabinete', 'Dell', 'D09M', '90BRYV1', 'G'),
(673, 4, 'Cómputo 3', 'Gabinete', 'Dell', 'D09M', '6DG2ZV1', 'G'),
(674, 4, 'Cómputo 3', 'Gabinete', 'Lenovo', 'A025LS', '11S0C51553ZVJ89M4580VR', 'G'),
(675, 4, 'Cómputo 3', 'Gabinete', 'Lenovo', 'A025LS', '11S0C51553ZVJ89M4590C4', 'G'),
(676, 4, 'Cómputo 3', 'Gabinete', 'Lenovo', 'A025LS', '11S0C51553ZVJ89M4590D2', 'G'),
(677, 4, 'Cómputo 3', 'Gabinete', 'Ensambladas', 's/m', '940400152440', 'G'),
(678, 4, 'Cómputo 3', 'Gabinete', 'Ensambladas', 's/m', '940400151682', 'G'),
(679, 4, 'Cómputo 3', 'Gabinete', 'Ensambladas', 's/m', '940400152430', 'G'),
(680, 4, 'Cómputo 3', 'Gabinete', 'Ensambladas', 's/m', '940400146673', 'G'),
(681, 4, 'Cómputo 3', 'Gabinete', 'Ensambladas', 's/m', '940400152423', 'G'),
(682, 4, 'Cómputo 3', 'Gabinete', 'Ensambladas', 's/m', '940400152460', 'G'),
(683, 4, 'Cómputo 3', 'Gabinete', 'Ensambladas', 's/m', '940400145795', 'G'),
(684, 4, 'Cómputo 3', 'Gabinete', 'Ensambladas', 's/m', '940400152441', 'G'),
(685, 4, 'Cómputo 3', 'Gabinete', 'Ensambladas', 's/m', '940100145797', 'G'),
(686, 4, 'Cómputo 3', 'Gabinete', 'Ensambladas', 's/m', '940400151658', 'G'),
(687, 4, 'Cómputo 3', 'Regulador', 'ISB Sola basic', 'DN-21-122', 'E04H25912', 'G'),
(688, 4, 'Cómputo 3', 'Regulador', 'TDE', 's/m', 's/n', 'G'),
(689, 4, 'Cómputo 3', 'Regulador', 'Chicago Digital Powe', 'R2CAVR1008', 's/n', 'G'),
(690, 4, 'Cómputo 3', 'Regulador', 'ISB Sola basic', 'DN-21-102', 'E02E39533', 'G'),
(691, 4, 'Cómputo 3', 'Regulador', 'ISB Sola basic', 'DN-21-122', 'E04H25939', 'G'),
(692, 4, 'Cómputo 3', 'Regulador', 'ISB Sola basic', 'DN-21-122', 'E12G22182', 'G'),
(693, 4, 'Cómputo 3', 'Regulador', 'TDE', 's/m', '1111031624', 'G'),
(694, 4, 'Cómputo 3', 'Regulador', 'ISB Sola basic', 's/m', 's/n', 'G'),
(695, 4, 'Cómputo 3', 'Regulador', 'ISB Sola basic', 'DN-21-122', 'E02J42152', 'G'),
(696, 4, 'Cómputo 3', 'Regulador', 'Chicago Digital Powe', 'R2CAVR1008', '1503180004871', 'G'),
(697, 5, 'Secretaría Administrativa', 'Gabinete', 'Ensambladas', 's/m', 'B268742', 'G'),
(698, 5, 'Secretaría Administrativa', 'Monitor', 'Acer', 'P166HQL', 'ETLTY0800420904DBF4201', 'G'),
(699, 5, 'Secretaría Administrativa', 'Mouse', 'Genius', 'GM04003AXSCROLL', 'X71570406637', 'G'),
(700, 5, 'Secretaría Administrativa', 'Teclado', 'Genius', 'K639', 'ZM4610800925', 'G'),
(701, 5, 'Cómputo 4', 'Teclado', 'Apple', 'A1243', 'DG7626712FEGVPYAP', 'G'),
(702, 5, 'Cómputo 4', 'Teclado', 'Apple', 'A1243', 'DG7626712DTGVPYAG', 'G'),
(703, 5, 'Cómputo 4', 'Teclado', 'Apple', 'A1243', 'DG762472CLSGVPYAP', 'G'),
(704, 5, 'Cómputo 4', 'Teclado', 'Apple', 'A1243', 'DG762472CJDGYPYAB', 'G'),
(705, 5, 'Cómputo 4', 'Teclado', 'Apple', 'A1243', 'DG7626712QYGVPYAC', 'G'),
(706, 5, 'Cómputo 4', 'Teclado', 'Apple', 'A1243', 'DG7626712N8GVPYA8', 'G'),
(707, 5, 'Cómputo 4', 'Teclado', 'Apple', 'A1243', 'DG762472CJQGVPYAX', 'G'),
(708, 5, 'Cómputo 4', 'Teclado', 'Apple', 'A1243', 'DG7626712MNGVPYAX', 'G'),
(709, 5, 'Cómputo 4', 'Teclado', 'Apple', 'A1048', 'KY608014KUBDA', 'G'),
(710, 5, 'Cómputo 4', 'Teclado', 'Apple', 'A1048', 'KY60602H5UBDA', 'G'),
(711, 5, 'Cómputo 4', 'Teclado', 'Apple', 'A1048', 'KY60602GYUBDA', 'G'),
(712, 5, 'Cómputo 4', 'Teclado', 'Apple', 'A1048', 'KY60601W0UBDA', 'G'),
(713, 5, 'Cómputo 4', 'Teclado', 'Apple', 'M7803', 'KY1450DUQK4VC', 'G'),
(714, 5, 'Cómputo 4', 'Teclado', 'Logitech', 'Y-U0011', '1715SY03GTE8', 'G'),
(715, 5, 'Cómputo 4', 'Teclado', 'Logitech', 'Y-U0011', '1715SY03GTG8', 'G'),
(716, 5, 'Cómputo 4', 'Teclado', 'Logitech', 'Y-U0011', '1715SY03GL98', 'G'),
(717, 5, 'Cómputo 4', 'Teclado', 'Logitech', 'PC200567', 's/n', 'G'),
(718, 5, 'Cómputo 4', 'Teclado', 'Logitech', 'PC200567', 's/n', 'G'),
(719, 5, 'Cómputo 4', 'Teclado', 'Logitech', 'PC200567', 's/n', 'G'),
(720, 5, 'Cómputo 4', 'Teclado', 'Logitech', 'PC200567', 's/n', 'G'),
(721, 5, 'Cómputo 4', 'Teclado', 'Logitech', 'PC200567', 's/n', 'G'),
(722, 5, 'Cómputo 4', 'Teclado', 'Logitech', 'PC200567', 's/n', 'G'),
(723, 5, 'Cómputo 4', 'Mouse', 'Apple', 'A1152', 'CC26246066FGW86A7', 'G'),
(724, 5, 'Cómputo 4', 'Mouse', 'Apple', 'A1152', 'CC2624202QVGW86AF', 'G'),
(725, 5, 'Cómputo 4', 'Mouse', 'Apple', 'A1152', 'CC262460A4GGW86A8', 'G'),
(726, 5, 'Cómputo 4', 'Mouse', 'Apple', 'A1152', 'CC2624204RKGW86AL', 'G'),
(727, 5, 'Cómputo 4', 'Mouse', 'Apple', 'A1152', 'CC262420301GW86AC', 'G'),
(728, 5, 'Cómputo 4', 'Mouse', 'Apple', 'A1152', 'CC262420581GW86AL', 'G'),
(729, 5, 'Cómputo 4', 'Mouse', 'Apple', 'A1152', 'CC2624203BVGW86AK', 'G'),
(730, 5, 'Cómputo 4', 'Mouse', 'Hp', 'MUV69a', 's/n', 'G'),
(731, 5, 'Cómputo 4', 'Mouse', 'Apple', 'M5769', 'VJ2220SPDN38A', 'G'),
(732, 5, 'Cómputo 4', 'Mouse', 'Acteck', 'MO150', '14507010361', 'G'),
(733, 5, 'Cómputo 4', 'Mouse', 'Acteck', 'MO150', '14507010370', 'G'),
(734, 5, 'Cómputo 4', 'Mouse', 'Acteck', 'MO150', '14507010368', 'G'),
(735, 5, 'Cómputo 4', 'Mouse', 'Acteck', 'MO150', '14507010369', 'G'),
(736, 5, 'Cómputo 4', 'Mouse', 'Logitech', 'M-U0026', 's/n', 'G'),
(737, 5, 'Cómputo 4', 'Mouse', 'Logitech', 'M-U0026', 's/n', 'G'),
(738, 5, 'Cómputo 4', 'Mouse', 'Logitech', 'M-U0026', 's/n', 'G'),
(739, 5, 'Cómputo 4', 'Mouse', 'Logitech', 'M-U0026', 's/n', 'G'),
(740, 5, 'Cómputo 4', 'Mouse', 'Logitech', 'M-U0026', '1422HS021DV8', 'G'),
(741, 5, 'Cómputo 4', 'Mouse', 'Logitech', 'M-U0026', '1527HS009C48', 'G'),
(742, 5, 'Cómputo 4', 'Mouse', 'Perfect choice', 'PC-043782', 'L94604378', 'G'),
(743, 5, 'Cómputo 4', 'Mouse', 'Perfect choice', 's/m', 's/n', 'G'),
(744, 5, 'Cómputo 4', 'Mouse', 'Perfect choice', 'PC-043782', 'L94604378', 'G'),
(745, 5, 'Cómputo 1', 'Teclado', 'Logitech', 'Y-U0011', 's/n', 'G'),
(746, 5, 'Cómputo 1', 'Teclado', 'Logitech', 'Y-U0011', '1517SY005VU8', 'G'),
(747, 5, 'Cómputo 1', 'Teclado', 'Logitech', 'Y-U0011', '1517SY005VV8', 'G'),
(748, 5, 'Cómputo 1', 'Teclado', 'Logitech', 'Y-U0011', '1437SY01GKB8', 'G'),
(749, 5, 'Cómputo 1', 'Teclado', 'Logitech', 'Y-U0011', '1439SY01RC38', 'G'),
(750, 5, 'Cómputo 1', 'Teclado', 'Logitech', 'Y-U0011', '1437SY01HG88', 'G'),
(751, 5, 'Cómputo 1', 'Teclado', 'Logitech', 'Y-U0011', '1437SY01HG58', 'G'),
(752, 5, 'Cómputo 1', 'Teclado', 'Logitech', 'Y-U0011', 's/n', 'G'),
(753, 5, 'Cómputo 1', 'Teclado', 'Logitech', 'Y-U0011', 's/n', 'G'),
(754, 5, 'Cómputo 1', 'Teclado', 'Logitech', 'Y-U0011', 's/n', 'G'),
(755, 5, 'Cómputo 1', 'Teclado', 'Logitech', 'Y-U0011', '1439SY01RNE8', 'G'),
(756, 5, 'Cómputo 1', 'Teclado', 'Logitech', 'Y-U0011', 's/n', 'G'),
(757, 5, 'Cómputo 1', 'Teclado', 'Logitech', 'Y-U0011', '1609SY00EJJ8', 'G'),
(758, 5, 'Cómputo 1', 'Teclado', 'Logitech', 'Y-U0011', 's/n', 'G'),
(759, 5, 'Cómputo 1', 'Teclado', 'Logitech', 'Y-U0011', '1439SY01RB48', 'G'),
(760, 5, 'Cómputo 1', 'Teclado', 'Logitech', 'Y-U0011', 's/n', 'G'),
(761, 5, 'Cómputo 1', 'Teclado', 'Logitech', 'Y-U0011', '1609SY00DU78', 'G'),
(762, 5, 'Cómputo 1', 'Teclado', 'Logitech', 'Y-U0011', '1437SY01HGA8', 'G'),
(763, 5, 'Cómputo 1', 'Teclado', 'Logitech', 'Y-U0011', 's/n', 'G'),
(764, 5, 'Cómputo 1', 'Teclado', 'Logitech', 'Y-U0011', '1439SY01RF98', 'G'),
(765, 5, 'Cómputo 1', 'Teclado', 'Logitech', 'Y-U0011', '1609SY00DU48', 'G'),
(766, 5, 'Cómputo 1', 'Teclado', 'Logitech', 'Y-U0011', '1439SY01RC18', 'G'),
(767, 5, 'Cómputo 1', 'Teclado', 'Logitech', 'Y-U0011', 's/n', 'G'),
(768, 5, 'Cómputo 1', 'Teclado', 'Logitech', 'Y-U0011', '1613SY013J38', 'G'),
(769, 5, 'Cómputo 1', 'Teclado', 'Logitech', 'Y-U0011', '1439SY01RK58', 'G'),
(770, 5, 'Cómputo 1', 'Teclado', 'Logitech', 'Y-U0011', 's/n', 'G'),
(771, 5, 'Cómputo 1', 'Teclado', 'Logitech', 'Y-U0011', 's/n', 'G'),
(772, 5, 'Cómputo 1', 'Teclado', 'Logitech', 'Y-U0011', 's/n', 'G'),
(773, 5, 'Cómputo 1', 'Teclado', 'Logitech', 'Y-U0011', 's/n', 'G'),
(774, 5, 'Cómputo 1', 'Teclado', 'Logitech', 'Y-U0011', 's/n', 'G'),
(775, 5, 'Cómputo 1', 'Teclado', 'Acteck', 'AT2200', '1760065080660', 'G'),
(776, 5, 'Cómputo 1', 'Mouse', 'Logitech', 'M-U0026', 's/n', 'G'),
(777, 5, 'Cómputo 1', 'Mouse', 'Logitech', 'M-U0026', 's/n', 'G'),
(778, 5, 'Cómputo 1', 'Mouse', 'Logitech', 'M-U0026', '1527HS009C08', 'G'),
(779, 5, 'Cómputo 1', 'Mouse', 'Logitech', 'M-U0026', 's/n', 'G'),
(780, 5, 'Cómputo 1', 'Mouse', 'Logitech', 'M-U0026', 's/n', 'G'),
(781, 5, 'Cómputo 1', 'Mouse', 'Logitech', 'M-U0026', 's/n', 'G'),
(782, 5, 'Cómputo 1', 'Mouse', 'Logitech', 'M-U0026', 's/n', 'G'),
(783, 5, 'Cómputo 1', 'Mouse', 'Logitech', 'M-U0026', 's/n', 'G'),
(784, 5, 'Cómputo 1', 'Mouse', 'Logitech', 'M-U0026', 's/n', 'G'),
(785, 5, 'Cómputo 1', 'Mouse', 'Logitech', 'M-U0026', 's/n', 'G'),
(786, 5, 'Cómputo 1', 'Mouse', 'Logitech', 'M-U0026', 's/n', 'G'),
(787, 5, 'Cómputo 1', 'Mouse', 'Logitech', 'M-U0026', '1422HS01V6Z8', 'G'),
(788, 5, 'Cómputo 1', 'Mouse', 'Logitech', 'M-U0026', 's/n', 'G'),
(789, 5, 'Cómputo 1', 'Mouse', 'Logitech', 'M-U0026', 's/n', 'G'),
(790, 5, 'Cómputo 1', 'Mouse', 'Logitech', 'M-U0026', 's/n', 'G'),
(791, 5, 'Cómputo 1', 'Mouse', 'Logitech', 'M-U0026', 's/n', 'G'),
(792, 5, 'Cómputo 1', 'Mouse', 'Logitech', 'M-U0026', 's/n', 'G'),
(793, 5, 'Cómputo 1', 'Mouse', 'Logitech', 'M-U0026', 's/n', 'G'),
(794, 5, 'Cómputo 1', 'Mouse', 'Logitech', 'M-U0026', 's/n', 'G'),
(795, 5, 'Cómputo 1', 'Mouse', 'Logitech', 'M-U0026', 's/n', 'G'),
(796, 5, 'Cómputo 1', 'Mouse', 'Logitech', 'M-U0026', 's/n', 'G'),
(797, 5, 'Cómputo 1', 'Mouse', 'Logitech', 'M-U0026', 's/n', 'G'),
(798, 5, 'Cómputo 1', 'Mouse', 'Logitech', 'M-U0026', 's/n', 'G'),
(799, 5, 'Cómputo 1', 'Mouse', 'Logitech', 'M-U0026', 's/n', 'G'),
(800, 5, 'Cómputo 1', 'Mouse', 'Logitech', 'M-U0026', 's/n', 'G'),
(801, 5, 'Cómputo 1', 'Mouse', 'Logitech', 'M-U0026', 's/n', 'G'),
(802, 5, 'Cómputo 1', 'Mouse', 'Logitech', 'M-U0026', 's/n', 'G'),
(803, 5, 'Cómputo 1', 'Mouse', 'Logitech', 'M-U0026', 's/n', 'G'),
(804, 5, 'Cómputo 1', 'Mouse', 'Logitech', 'M-U0026', 's/n', 'G'),
(805, 5, 'Cómputo 1', 'Mouse', 'Truebasix', 'TB-01001', '1760943027524', 'G'),
(806, 5, 'Cómputo 1', 'Mouse', 'Genius', 'NetScroll120', '144257203845', 'G'),
(807, 5, 'Cómputo 1', 'Monitor', 'Lg', '22MP48HQ', '604NTVSDF495', 'G'),
(808, 5, 'Cómputo 1', 'Monitor', 'Lg', '22MP48HQ', '604NTKFDF485', 'G'),
(809, 5, 'Cómputo 1', 'Monitor', 'Lg', '22MP48HQ', '604NTGYDF551', 'G'),
(810, 5, 'Cómputo 1', 'Monitor', 'Lg', '22MP48HQ', '604NTWGDF489', 'G'),
(811, 5, 'Cómputo 1', 'Monitor', 'Lg', '22MP48HQ', '604NTYTDF474', 'G'),
(812, 5, 'Cómputo 1', 'Monitor', 'Lg', '22MP48HQ', '604NTZNDF501', 'G'),
(813, 5, 'Cómputo 1', 'Monitor', 'Lg', '22MP48HQ', '604NTXRDF514', 'G'),
(814, 5, 'Cómputo 1', 'Monitor', 'Lg', '22MP48HQ', '604NTLEDF552', 'G'),
(815, 5, 'Cómputo 1', 'Monitor', 'Lg', '22MP48HQ', '604NTJJDF492', 'G'),
(816, 5, 'Cómputo 1', 'Monitor', 'Lg', '22MP48HQ', '604NTMXDF531', 'G'),
(817, 5, 'Cómputo 1', 'Monitor', 'Lg', '22MP48HQ', '605NTXRDH698', 'G'),
(818, 5, 'Cómputo 1', 'Monitor', 'Lg', '22MP48HQ', '604NTFADF563', 'G'),
(819, 5, 'Cómputo 1', 'Monitor', 'Lg', '22MP48HQ', '604NTWGDF561', 'G'),
(820, 5, 'Cómputo 1', 'Monitor', 'Lg', '22MP48HQ', '604NTQDDF572', 'G'),
(821, 5, 'Cómputo 1', 'Monitor', 'Lg', '22MP48HQ', '605NTHMDH657', 'G'),
(822, 5, 'Cómputo 1', 'Monitor', 'Lg', '22MP48HQ', '604NTHMDF497', 'G'),
(823, 5, 'Cómputo 1', 'Monitor', 'Lg', '22MP48HQ', '604NTJJDF540', 'G'),
(824, 5, 'Cómputo 1', 'Monitor', 'Lg', '22MP48HQ', '604NTSUDF502', 'G'),
(825, 5, 'Cómputo 1', 'Monitor', 'Lg', '22MP48HQ', '604NTHMDF569', 'G'),
(826, 5, 'Cómputo 1', 'Monitor', 'Lg', '22MP48HQ', '604NTKFDF509', 'G'),
(827, 5, 'Cómputo 1', 'Monitor', 'Lg', '22MP48HQ', '603NTBKGJ605', 'G'),
(828, 5, 'Cómputo 1', 'Monitor', 'Lg', '22MP48HQ', '604NTYTDF546', 'G'),
(829, 5, 'Cómputo 1', 'Monitor', 'Lg', '22MP48HQ', '605NTEPDH692', 'G'),
(830, 5, 'Cómputo 1', 'Monitor', 'Lg', '22MP48HQ', '604NTPCDF496', 'G'),
(831, 5, 'Cómputo 1', 'Monitor', 'Lg', '22MP48HQ', '604NTWGDF513', 'G'),
(832, 5, 'Cómputo 1', 'Monitor', 'Lg', '22MP48HQ', '604NTDVDF506', 'G'),
(833, 5, 'Cómputo 1', 'Monitor', 'Lg', '22MP48HQ', '604NTLEDF480', 'G'),
(834, 5, 'Cómputo 1', 'Monitor', 'Lg', '22MP48HQ', '604NTGYDF479', 'G'),
(835, 5, 'Cómputo 1', 'Monitor', 'Lg', '22MP48HQ', '604NTTQDF481', 'G'),
(836, 5, 'Cómputo 1', 'Monitor', 'Lg', '22MP48HQ', '604NTYTDF498', 'G'),
(837, 5, 'Cómputo 1', 'Monitor', 'Lg', '22MP48HQ', '604NTZNDF525', 'G'),
(838, 5, 'Cómputo 1', 'Gabinete', 'Ensambladas', 's/m', '940400144006', 'G'),
(839, 5, 'Cómputo 1', 'Gabinete', 'Ensambladas', 's/m', '940100146726', 'G'),
(840, 5, 'Cómputo 1', 'Gabinete', 'Ensambladas', 's/m', '940400146694', 'G'),
(841, 5, 'Cómputo 1', 'Gabinete', 'Ensambladas', 's/m', '940400146663', 'G'),
(842, 5, 'Cómputo 1', 'Gabinete', 'Ensambladas', 's/m', '940400145417', 'G'),
(843, 5, 'Cómputo 1', 'Gabinete', 'Ensambladas', 's/m', '940400145382', 'G'),
(844, 5, 'Cómputo 1', 'Gabinete', 'Ensambladas', 's/m', '940400145420', 'G'),
(845, 5, 'Cómputo 1', 'Gabinete', 'Ensambladas', 's/m', '940400145302', 'G'),
(846, 5, 'Cómputo 1', 'Gabinete', 'Ensambladas', 's/m', '940400144232', 'G'),
(847, 5, 'Cómputo 1', 'Gabinete', 'Ensambladas', 's/m', '940400145789', 'G'),
(848, 5, 'Cómputo 1', 'Gabinete', 'Ensambladas', 's/m', '940400146707', 'G'),
(849, 5, 'Cómputo 1', 'Gabinete', 'Ensambladas', 's/m', '940400146743', 'G'),
(850, 5, 'Cómputo 1', 'Gabinete', 'Ensambladas', 's/m', '940400146688', 'G'),
(851, 5, 'Cómputo 1', 'Gabinete', 'Ensambladas', 's/m', '940400145427', 'G'),
(852, 5, 'Cómputo 1', 'Gabinete', 'Ensambladas', 's/m', '940400144253', 'G'),
(853, 5, 'Cómputo 1', 'Gabinete', 'Ensambladas', 's/m', '940400146680', 'G'),
(854, 5, 'Cómputo 1', 'Gabinete', 'Ensambladas', 's/m', '940400145413', 'G'),
(855, 5, 'Cómputo 1', 'Gabinete', 'Ensambladas', 's/m', '940400144255', 'G'),
(856, 5, 'Cómputo 1', 'Gabinete', 'Ensambladas', 's/m', '940400146756', 'G'),
(857, 5, 'Cómputo 1', 'Gabinete', 'Ensambladas', 's/m', '940400144254', 'G'),
(858, 5, 'Cómputo 1', 'Gabinete', 'Ensambladas', 's/m', '940400146681', 'G'),
(859, 5, 'Cómputo 1', 'Gabinete', 'Ensambladas', 's/m', '940400144661', 'G'),
(860, 5, 'Cómputo 1', 'Gabinete', 'Ensambladas', 's/m', '940400146722', 'G'),
(861, 5, 'Cómputo 1', 'Gabinete', 'Ensambladas', 's/m', '940400146672', 'G'),
(862, 5, 'Cómputo 1', 'Gabinete', 'Ensambladas', 's/m', '940400145442', 'G'),
(863, 5, 'Cómputo 1', 'Gabinete', 'Ensambladas', 's/m', '940400146670', 'G'),
(864, 5, 'Cómputo 1', 'Gabinete', 'Ensambladas', 's/m', '940400145385', 'G'),
(865, 5, 'Cómputo 1', 'Gabinete', 'Ensambladas', 's/m', '940400146664', 'G'),
(866, 5, 'Cómputo 1', 'Gabinete', 'Ensambladas', 's/m', '940400145406', 'G'),
(867, 5, 'Cómputo 1', 'Gabinete', 'Ensambladas', 's/m', '940400145466', 'G'),
(868, 5, 'Cómputo 1', 'Gabinete', 'Ensambladas', 's/m', '940400146702', 'G'),
(869, 5, 'Cómputo 1', 'Regulador', 'ISB Sola basic', 'SLIM VOLT', 'E15F18232', 'G'),
(870, 5, 'Cómputo 1', 'Regulador', 'ISB Sola basic', 'DN-21-122', 'Q09B23068', 'G'),
(871, 5, 'Cómputo 1', 'Regulador', 'ISB Sola basic', 's/m', 's/n', 'G'),
(872, 5, 'Cómputo 1', 'Regulador', 'ISB Sola basic', 'DN-21-122', 'Q09B23059', 'G'),
(873, 5, 'Cómputo 1', 'Regulador', 'ISB Sola basic', 'DN-21-122', 'E03E22614', 'G'),
(874, 5, 'Cómputo 1', 'Regulador', 'ISB Sola basic', 'DN-21-122', 'E10L11202', 'G'),
(875, 5, 'Cómputo 1', 'Regulador', 'ISB Sola basic', 'DN-21-122', 'Q09B23424', 'G'),
(876, 5, 'Cómputo 1', 'Regulador', 'ISB Sola basic', 'DN-21-122', 'E03E05844', 'G'),
(877, 6, 'Cómputo 4', 'Computadora', 'Apple', 'A1418', 'D25S606KGF1L', 'G'),
(878, 6, 'Cómputo 4', 'Computadora', 'Apple', 'A1418', 'D25S6061GF1L', 'G'),
(879, 6, 'Cómputo 4', 'Computadora', 'Apple', 'A1418', 'D25S6062GF1L', 'G'),
(880, 6, 'Cómputo 4', 'Computadora', 'Apple', 'A1418', 'D25S606FGF1L', 'G'),
(881, 6, 'Cómputo 4', 'Computadora', 'Apple', 'A1418', 'D25S606JGF1L', 'G'),
(882, 6, 'Cómputo 4', 'Computadora', 'Apple', 'A1418', 'D25S606GGF1L', 'G'),
(883, 6, 'Cómputo 4', 'Computadora', 'Apple', 'A1418', 'D25S606LGF1L', 'G'),
(884, 6, 'Cómputo 4', 'Computadora', 'Apple', 'A1418', 'C02TK6QZH7JY', 'G'),
(885, 6, 'Cómputo 4', 'Computadora', 'Apple', 'A1418', 'C02TKDXKH7JY', 'G'),
(886, 6, 'Cómputo 4', 'Computadora', 'Apple', 'A1418', 'C02TKD1BH7JY', 'G'),
(887, 6, 'Cómputo 4', 'Computadora', 'Apple', 'A1311', 'W80265Z2DAS', 'G'),
(888, 6, 'Cómputo 4', 'Computadora', 'Apple', 'A1311', 'W80265MRDAS', 'G'),
(889, 6, 'Cómputo 4', 'Computadora', 'Apple', 'A1311', 'W80265Z3DAS', 'G'),
(890, 6, 'Cómputo 4', 'Computadora', 'Apple', 'A1311', 'W80265FWDAS', 'G'),
(891, 6, 'Cómputo 4', 'Computadora', 'Apple', 'A1311', 'W802662MDAS', 'G'),
(892, 6, 'Cómputo 4', 'Computadora', 'Apple', 'A1311', 'W80265K8DAS', 'G'),
(893, 6, 'Cómputo 4', 'Computadora', 'Apple', 'A1311', 'W802664PDAS', 'G'),
(894, 6, 'Cómputo 4', 'Computadora', 'Apple', 'A1311', 'W80265N4DAS', 'G'),
(895, 6, 'Cómputo 4', 'Computadora', 'Apple', 'A1311', 'W80265K4DAS', 'G'),
(896, 6, 'Cómputo 4', 'Computadora', 'Apple', 'A1311', 'W80265ZPDAS', 'G'),
(897, 6, 'Cómputo 4', 'Regulador', 'ISB Sola basic', 'DN-21-122', 'E06D08791', 'G'),
(898, 6, 'Cómputo 4', 'Regulador', 'ISB Sola basic', 'DN-21-122', 'E06025961', 'G'),
(899, 6, 'Cómputo 4', 'Regulador', 'Chicago Digital Powe', 'B-ACVR1006', '130124040002714', 'G'),
(900, 6, 'Cómputo 4', 'Regulador', 'TDE', 's/m', '1111030547', 'G'),
(901, 6, 'Cómputo 4', 'Regulador', 'ISB Sola basic', 'DN-21-122', 'E05E13059', 'G'),
(902, 6, 'Cómputo 4', 'Regulador', 'ISB Sola basic', 'DN-21-122', 'E09H01322', 'G'),
(903, 6, 'Cómputo 4', 'Regulador', 'ISB Sola basic', 'DN-21-122', 'E06D08888', 'G'),
(904, 6, 'Cómputo 4', 'Computadora', 'Apple', 'A1418', 'D25S606HGF1L', 'G'),
(905, 6, 'Cómputo 4', 'Regulador', 'Otros', 'ERV6001 RPLUS1300', '501693402414', 'G'),
(906, 7, 'Arquitectura ', 'Laptop', 'Acer', 'BL52', '62926440316', 'G'),
(907, 7, 'Arquitectura ', 'Laptop', 'Acer', 'KAWG0', '00619497116', 'G'),
(908, 7, 'Arquitectura ', 'Laptop', 'Emachines', 'KAWG0', '00135003116', 'G'),
(909, 7, 'Arquitectura ', 'Laptop', 'Acer', 'KAV60', '91903642616', 'G'),
(910, 7, 'Arquitectura ', 'Laptop', 'Acer', 'ZL6', 'LXTAF0509153007722EM00', 'G'),
(911, 7, 'Arquitectura ', 'Laptop', 'Acer', 'ZR3', 'LXAV40Y02970100C752500', 'G'),
(912, 7, 'Arquitectura ', 'Monitor', 'Lg', 'W1943CV', '011NDUN92326', 'G'),
(913, 7, 'Arquitectura ', 'Teclado', 'Genius', 'K639', 'XX9388124515', 'G'),
(914, 7, 'Arquitectura ', 'Mouse', 'Genius', 'GM04003AXSCROLL', 'X60124908288', 'G'),
(915, 7, 'Arquitectura ', 'Telefono', 'Panasonic', 'KX-TS550MEB', '5EBKD268338', 'G'),
(916, 7, 'Arquitectura ', 'Gabinete', 'Ensambladas', 's/m', '940400141793', 'G'),
(917, 7, 'Arquitectura ', 'Regulador', 'ISB Sola basic', 'DN-21-122', 'E06D08914', 'G'),
(918, 7, 'Arquitectura ', 'Impresora', 'Hp', 'BOISB-0901-02', 'CNJ8G5V55X', 'G'),
(919, 7, 'Arquitectura ', 'Monitor', 'Acer', 'V193W', 'ETLC10801691607E3B4202', 'G'),
(920, 7, 'Arquitectura ', 'Teclado', 'Genius', 'K639', 'XX9388115012', 'G'),
(921, 7, 'Arquitectura ', 'Mouse', 'Genius', 'NetScroll120', 'X56065709303', 'G'),
(922, 7, 'Arquitectura ', 'Telefono', 'Panasonic', 'KX-TS5500MEB', '4GAKD246495', 'G'),
(923, 7, 'Arquitectura ', 'Regulador', 'Chicago Digital Powe', 'R2C-AVR1008', '160125-2083681', 'G'),
(924, 7, 'Arquitectura ', 'Monitor', 'Samsung', '710NS', 'MJ17HCJX841272Z', 'G'),
(925, 7, 'Arquitectura ', 'Teclado', 'Acteck', 'AT-2700', '1760055064853', 'G'),
(926, 7, 'Arquitectura ', 'Mouse', 'Genius', 'GM-03006A', '107214504867', 'G'),
(927, 7, 'Arquitectura ', 'Gabinete', 'Ensambladas', 'PC-600077', 's/n', 'G'),
(928, 7, 'Arquitectura ', 'Gabinete', 'Ensambladas', 's/m', 's/n', 'G'),
(929, 7, 'Arquitectura ', 'Regulador', 'ISB Sola basic', 'DN-21-122', 'E10G06767', 'G'),
(930, 7, 'Arquitectura ', 'Monitor', 'Acer', 'V193W', 'ETLC1080169160752B4201', 'G'),
(931, 7, 'Arquitectura ', 'Teclado', 'GHIA', 's/m', '012050007781', 'G'),
(932, 7, 'Arquitectura ', 'Mouse', 'GHIA', 's/m', 's/n', 'G'),
(933, 7, 'Arquitectura ', 'Gabinete', 'Ensambladas', 's/m', 's/n', 'G'),
(934, 7, 'Arquitectura ', 'Gabinete', 'Ensambladas', 's/m', 's/n', 'G'),
(935, 7, 'Arquitectura ', 'Gabinete', 'Ensambladas', 's/m', 's/n', 'G'),
(936, 7, 'Arquitectura ', 'Regulador', 'Chicago Digital Powe', 'R2C-AVR1008', '1609022081384', 'G'),
(937, 7, 'Arquitectura ', 'Teclado', 'Genius', 'K639', 'ZM7802262081', 'G'),
(938, 7, 'Arquitectura ', 'Mouse', 'Genius', 'GM03022PXSCROLL', 'X75270809402', 'G'),
(939, 7, 'Arquitectura ', 'Monitor', 'Acer', 'V193W', 'ETLC1080169160752A4201', 'G'),
(940, 7, 'Arquitectura ', 'Regulador', 'Chicago Digital Powe', 'R2C-AVR1008', '140530-09802310', 'G'),
(941, 7, 'Arquitectura ', 'Impresora', 'Hp', 'SNPRC-0405', 'MY63F1Z038', 'G'),
(942, 7, 'Arquitectura ', 'Telefono', 'Panasonic', 'KX-TS500MEB', '6FAKE239757', 'G'),
(943, 7, 'Arquitectura ', 'Teclado', 'Genius', 'K639', 'ZM1802004210', 'G'),
(944, 7, 'Arquitectura ', 'Mouse', 'Genius', 'NetScroll120', '375054801269', 'G'),
(945, 7, 'Arquitectura ', 'Monitor', 'Acer', 'V193W', 'ETLC1080169160752C4201', 'G'),
(946, 7, 'Arquitectura ', 'Monitor', 'Acer', 'V193W', 'ETLC1080169160819D4202', 'G'),
(947, 7, 'Arquitectura ', 'Mouse', 'Genius', 'NetScroll120', 'X56065709312', 'G'),
(948, 7, 'Arquitectura ', 'Teclado', 'Logitech', 'Y-U0011', '1715SY03F0R8', 'G'),
(949, 7, 'Arquitectura ', 'Gabinete', 'Ensambladas', 's/m', '2340679057504', 'G'),
(950, 7, 'Arquitectura ', 'Regulador', 'Chicago Digital Powe', 'R2C-AVR11008', '160125-2083682', 'G'),
(951, 7, 'Humanidades', 'Regulador', 'ISB Sola basic', 'DN-21-122', 'E03E26146', 'G'),
(952, 7, 'Humanidades', 'Gabinete', 'Ensambladas', 's/m', '200701146264', 'G'),
(953, 7, 'Humanidades', 'Impresora', 'Hp', 'BOISB-0901-01', 'VNB3205258', 'G'),
(954, 7, 'Humanidades', 'Telefono', 'Panasonic', 'KX-T7665X', '7DBVD172330', 'G'),
(955, 7, 'Humanidades', 'Monitor', 'View sonic', 'VS11618', 'QJ0072352361', 'G'),
(956, 7, 'Humanidades', 'Mouse', 'Genius', 'GM-03022PXSCROLL', '140290302546', 'G'),
(957, 7, 'Humanidades', 'Teclado', 'Genius', 'GK-050015', 'ZM6912000833', 'G'),
(958, 7, 'Humanidades', 'Teclado', 'Genius', 'GK-050015', 'ZM6912000841', 'G'),
(959, 7, 'Humanidades', 'Mouse', 'Genius', 'GM-03022PXSCROLL', '140290302586', 'G'),
(960, 7, 'Humanidades', 'Monitor', 'View sonic', 'VS11618', 'QJ0071526674', 'G'),
(961, 7, 'Humanidades', 'Gabinete', 'Ensambladas', 's/m', '200701146215', 'G'),
(962, 7, 'Humanidades', 'Telefono', 'Panasonic', 'KX-T7705XB', '5JCLD173491', 'G'),
(963, 8, 'Arquitectura ', 'Impresora', 'Hp', 'SNPRH-1201', 'CN44H3B2QC05Z4', 'G'),
(964, 8, 'Arquitectura ', 'Telefono', 'Panasonic', 'KX-T7665X', '7DBVD171488', 'G'),
(965, 8, 'Arquitectura ', 'Telefono', 'Panasonic', 'KX-TS550MEB', '9GAKA031102', 'G'),
(966, 8, 'Arquitectura ', 'Regulador', 'Chicago Digital Powe', 'R2C-AVR1008', '150411-0005541', 'G'),
(967, 8, 'Arquitectura ', 'Teclado', 'Acteck', 'AT-2200', '1760065080661', 'G'),
(968, 8, 'Arquitectura ', 'Mouse', 'Genius', 'GM-03022PXSCROLL', 'X75270809441', 'G'),
(969, 8, 'Arquitectura ', 'Monitor', 'Acer', 'V193W', 'ETLC10801691607E374202', 'G'),
(970, 8, 'Arquitectura ', 'Monitor', 'Lg', 'W1943SV', '104NDFV7B339', 'G'),
(971, 8, 'Arquitectura ', 'Mouse', 'Genius', 'GM-05008UNETSCROLL11', '137140106279', 'G'),
(972, 8, 'Arquitectura ', 'Teclado', 'Acer', 'KB-0759', 'KBPS203102910084600B01', 'G'),
(973, 8, 'Arquitectura ', 'Telefono', 'Panasonic', 'KX-T7665X', '7DBVD171490', 'G'),
(974, 8, 'Arquitectura ', 'Regulador', 'ISB Sola basic', 'DN-21-122', 'E06G26111', 'G'),
(975, 8, 'Arquitectura ', 'Gabinete', 'Ensambladas', 'PC-600077', 's/n', 'G'),
(976, 8, 'Arquitectura ', 'Gabinete', 'Ensambladas', 'PC-600077', 's/n', 'G'),
(977, 8, 'Enlace Administrativo ', 'Telefono', 'Panasonic', 'KX-TS500MEB', '6BBKE227263', 'G'),
(978, 8, 'Enlace Administrativo ', 'Telefono', 'Panasonic', 'KX-TS500MEB', '6BBKE227264', 'G'),
(979, 8, 'Enlace Administrativo ', 'Teclado', 'Acteck', 'AT-2700', '1760055064868', 'G'),
(980, 8, 'Enlace Administrativo ', 'Mouse', 'Logitech', 'M-U0026', 's/n', 'G'),
(981, 8, 'Enlace Administrativo ', 'Computadora', 'Apple', 'A1173', 'W861923DU2N', 'G'),
(982, 8, 'Enlace Administrativo ', 'Regulador', 'Chicago Digital Powe', 'R2C-AVR1008', '150925-2081102', 'G'),
(983, 8, 'Enlace Administrativo ', 'Impresora', 'Hp', 'CAN ICE-3(B)/NMB-3(B', 'CNB6H5CJ8Q', 'G'),
(984, 8, 'Secretaría Administrativa ', 'Impresora', 'Hp', 'BIOSB-0901-06', 'VND3W58142', 'G'),
(985, 8, 'Secretaría Administrativa ', 'Regulador', 'ISB Sola basic', 'DN-21-102', 'E02E39477', 'G'),
(986, 8, 'Secretaría Administrativa ', 'Scanner', 'Hp', 'FCLSD-1002', 'CN577S507405JP', 'G'),
(987, 8, 'Secretaría Administrativa ', 'Gabinete', 'Hp', 's/m', 'MXJ6190948', 'G'),
(988, 8, 'Secretaría Administrativa ', 'Telefono', 'Panasonic', 'LX-T7665X', '7DBVD171502', 'G'),
(989, 8, 'Secretaría Administrativa ', 'Mouse', 'Genius', 'GM-03022PXSCROLL', 'X75270809433', 'G'),
(990, 8, 'Secretaría Administrativa ', 'Monitor', 'Hp', 'GP196AA', 'CNC80704ZM', 'G'),
(991, 8, 'Secretaría Administrativa ', 'Telefono', 'Panasonic', 'KX-T7665X', '7DBVD171454', 'G'),
(992, 8, 'Secretaría Administrativa ', 'Impresora', 'Hp', 'BIOSB-0605-00', 'VND3N19371', 'G'),
(993, 8, 'Secretaría Administrativa ', 'Monitor', 'Acer', 'AL1511b', 'ETL160A1355390075EPY23', 'G'),
(994, 8, 'Secretaría Administrativa ', 'Teclado', 'Genius', 'K639', 'ZM1802004207', 'G'),
(995, 8, 'Secretaría Administrativa ', 'Mouse', 'Otros', 'EL-992981', 's/n', 'G'),
(996, 8, 'Secretaría Administrativa ', 'Impresora', 'Epson', 'C462R', 'WBPK009855', 'G'),
(997, 8, 'Secretaría Administrativa ', 'Gabinete', 'Acer', 'VM275-SD58001L', 's/n', 'G'),
(998, 8, 'Secretaría Administrativa ', 'Regulador', 'ISB Sola basic', 'XRN-21-481', 'E04G03153', 'G'),
(999, 8, 'Secretaría Administrativa ', 'Regulador', 'ISB Sola basic', 'DN-21-122', 'E03A18428', 'G'),
(1000, 8, 'Secretaría Administrativa ', 'Scanner', 'Hp', 'FCLSD-1002', 'CN5A8T937505JP', 'G'),
(1001, 8, 'Secretaría Administrativa ', 'Gabinete', 'Ensambladas', 's/m', 'B268742', 'G'),
(1002, 8, 'Secretaría Administrativa ', 'Telefono', 'Panasonic', 'KX-TS550MEB', '2FBKB173254', 'G'),
(1003, 8, 'Secretaría Administrativa ', 'Teclado', 'Genius', 'K639', 'ZM4610800925', 'G'),
(1004, 8, 'Secretaría Administrativa ', 'Mouse', 'Genius', 'GM-04003AXSCROLL', 'X71570406637', 'G'),
(1005, 8, 'Secretaría Administrativa ', 'Monitor', 'Acer', 'P166HQL', 'ETLTY0800420904DBF4201', 'G'),
(1006, 8, 'Secretaría Administrativa ', 'Impresora', 'Hp', 'BOISB-0901-06', 'VND3Q91769', 'G'),
(1007, 8, 'Secretaría Administrativa ', 'Teclado', 'Hp', 'SK-2880', 'B93CB0ADPSU4J1', 'G'),
(1008, 8, 'Secretaría Administrativa ', 'Mouse', 'Otros', 'MOFGKO', '1120008215001959K701', 'G'),
(1009, 8, 'Secretaría Administrativa ', 'Monitor', 'Acer', 'G185HV ', 'ETLRA0C00210934BC84001', 'G'),
(1010, 8, 'Secretaría Administrativa ', 'Scanner', 'Otros', 'DS-620', 'U63543D4U115637', 'G'),
(1011, 8, 'Secretaría Administrativa ', 'Gabinete', 'Otros', 's/m', '2340679037484', 'G'),
(1012, 8, 'Secretaría Administrativa ', 'Regulador', 'ISB Sola basic', 'SLIM VOLT', 'E17E13024', 'G'),
(1013, 8, 'Secretaría Administrativa ', 'Regulador', 'ISB Sola basic', 'DN-21-122', 'E12G22101', 'G'),
(1014, 8, 'Secretaría Administrativa ', 'Gabinete', 'Ensambladas', 'PC-600077', 's/n', 'G'),
(1015, 8, 'Secretaría Administrativa ', 'Impresora', 'Samsung', 'ML-1910', 'Z2L6BKEZ400599Z', 'G'),
(1016, 8, 'Secretaría Administrativa ', 'Telefono', 'Panasonic', 'el KX-TS500MEB', '6LAKE253054', 'G'),
(1017, 8, 'Secretaría Administrativa ', 'Mouse', 'Otros', 's/m', 's/n', 'G'),
(1018, 8, 'Secretaría Administrativa ', 'Monitor', 'Acer', 'AL1515b', 'ETL160A24861001C39PY24', 'G'),
(1019, 8, 'Secretaría Administrativa ', 'Teclado', 'Acteck', 'AK2-2300', '970013053240', 'G'),
(1020, 8, 'Cobranza y Becas ', 'Impresora', 'Hp', 'SHNGC-1504-01', 'VNB6S09666', 'G'),
(1021, 8, 'Cobranza y Becas ', 'Impresora', 'Hp', 'BOISB-0901-01', 'VNB3205284', 'G'),
(1022, 8, 'Cobranza y Becas ', 'Telefono', 'Panasonic', 'KX-T7665X', '7DBVD171581', 'G'),
(1023, 8, 'Cobranza y Becas ', 'Laptop', 'Asus', 'R510L', 'E4N0CV16543515B', 'G'),
(1024, 8, 'Biblioteca ', 'Impresora', 'Hp', 'BOISB-0901-06', 'VND3G47524', 'G'),
(1025, 8, 'Biblioteca ', 'Telefono', 'Panasonic', 'KX-T7665X', '7DBVD171460', 'G'),
(1026, 8, 'Biblioteca ', 'Mouse', 'Genius', 'GM-03022pXSCROLL', 'X63312006070', 'G'),
(1027, 8, 'Biblioteca ', 'Monitor', 'Lg', 'E1942CA', '202NDQA8F340', 'G'),
(1028, 8, 'Biblioteca ', 'Gabinete', 'Hp', 's/m', 'MXJ54102R7', 'G'),
(1029, 8, 'Biblioteca ', 'Regulador', 'ISB Sola basic', 'DN-21-122', 'E06112649', 'G'),
(1030, 8, 'Biblioteca ', 'Regulador', 'ISB Sola basic', 'DN-21-102', 'E04J28329', 'G'),
(1031, 8, 'Biblioteca ', 'Gabinete', 'Hp', 's/m', 'MXJ619093J', 'G'),
(1032, 8, 'Biblioteca ', 'Impresora', 'Hp', 'BOISB-0901-02', 'CNG9D8WP7N', 'G'),
(1033, 8, 'Biblioteca ', 'Telefono', 'Panasonic', 'KX-T7665X', '7DBVD171501', 'G'),
(1034, 8, 'Biblioteca ', 'Mouse', 'Genius', 'MOFGKO', '112000821500196CK701', 'G'),
(1035, 8, 'Biblioteca ', 'Teclado', 'Hp', 'KB-0316', 'B93CB0AVBRT09E', 'G'),
(1036, 8, 'Biblioteca ', 'Monitor', 'Acer', 'AL1515b', 'ETL160A2486100236DPY24', 'G'),
(1037, 8, 'Biblioteca ', 'Monitor', 'Acer', 'P166HQL', 'ETLTJ0D017250124D48502', 'G'),
(1038, 8, 'Biblioteca ', 'Regulador', 'ISB Sola basic', 'DN-21-122', 'E06I12570', 'G'),
(1039, 8, 'Biblioteca ', 'Teclado', 'Acteck', 'AT-2200', '1760065005264', 'G'),
(1040, 8, 'Biblioteca ', 'Mouse', 'Genius', 'GM-04003AXSCROLL', 'X66329203631', 'G'),
(1041, 8, 'Biblioteca ', 'Gabinete', 'Ensambladas', 's/m', '259701096077', 'G'),
(1042, 8, 'Diseño', 'Teclado', 'Apple', 'A1644', 'F0T7443008KJ3LYA2', 'G'),
(1043, 8, 'Diseño', 'Regulador', 'ISB Sola basic', 'DN-21-102', 'E02D21958', 'G'),
(1044, 8, 'Diseño', 'Mouse', 'Apple', 'A1657', 'CC2742501THJ2XGAU', 'G'),
(1045, 8, 'Diseño', 'Computadora', 'Apple', 'A1418', 'C02VP7TNH7JY', 'G'),
(1046, 8, 'Imagen ', 'Gabinete', 'Acer', 'Veriton M265', 'PSV880900191904EEE2703', 'G'),
(1047, 8, 'Imagen ', 'Mouse', 'Genius', 'GM-03022PXSCROLL', '137273107097', 'G'),
(1048, 8, 'Imagen ', 'Teclado', 'Acteck', 'AT-2700', '1760055063085', 'G'),
(1049, 8, 'Imagen ', 'Monitor', 'Acer', 'AL1515b', 'ETL160A24861001C1DPY24', 'G'),
(1050, 8, 'Imagen ', 'Telefono', 'Panasonic', 'KX-T7665X', '7DBVD171583', 'G'),
(1051, 8, 'Imagen ', 'Regulador', 'TDE', 's/m', '021025108', 'G'),
(1052, 8, 'Imagen ', 'Impresora', 'Hp', 'Q5927A', 'CNFC5430WD', 'G'),
(1053, 8, 'Biblioteca ', 'Lector de tarjetas', 'HDI', 'OMNIKEY 5321', 'HT-0952-1090141-01781', 'G'),
(1054, 8, 'Biblioteca ', 'Scanner', 'Hp', 'GRLYB-0209', 'CN97YV214D0531', 'G'),
(1055, 8, 'Biblioteca ', 'Teclado', 'Vorago', 'KB-202', '7520116', 'G'),
(1056, 8, 'Secretaría Administrativa ', 'Teclado', 'Vorago', 'KB-202', '6731115', 'G'),
(1057, 9, 'Salud ', 'Laptop', 'Compaq', 'KG750LA#ABM', 'CNF82025LL', 'G'),
(1058, 9, 'Salud ', 'Laptop', 'Compaq', 'KG750LA#ABM', 'CNF8212WJ1', 'G'),
(1059, 9, 'Salud ', 'Laptop', 'Hp', 'T1C04LT#A8M', '5CG5507YJQ', 'G'),
(1060, 9, 'Salud ', 'Monitor', 'Lg', '19EN33SA', '306NDUN0M014', 'G'),
(1061, 9, 'Salud ', 'Monitor', 'Lg', '19EN33SA', '304NDAYKT336', 'G'),
(1062, 9, 'Salud ', 'Regulador', 'ISB Sola basic', 'DN-21-122', 'E11K13075', 'G'),
(1063, 9, 'Salud ', 'Gabinete', 'Ensambladas', 'PC-600077', 's/n', 'G'),
(1064, 9, 'Salud ', 'Gabinete', 'Ensambladas', 'PC-600077', 's/n', 'G'),
(1065, 9, 'Salud ', 'Teclado', 'Genius', 'K639', 'XX9388115010', 'G'),
(1066, 9, 'Salud ', 'Telefono', 'Panasonic', 'KX-TS500MEB', '6BBKE227146', 'G'),
(1067, 9, 'Salud ', 'Mouse', 'Genius', 'NetScroll120', 'X56065709346', 'G'),
(1068, 9, 'Salud ', 'Mouse', 'Genius', 'NetScroll120', 'X56065709356', 'G'),
(1069, 9, 'Salud ', 'Teclado', 'Acteck', 'AK2-2300', '970013053243', 'G'),
(1070, 9, 'Salud ', 'Telefono', 'Panasonic', 'KX-TS500MEB', '6BBKE227145', 'G'),
(1071, 9, 'Salud ', 'Regulador', 'Otros', 'ERV-6-001 RPLUS130 N', '15AL352248', 'G'),
(1072, 9, 'Salud ', 'Computadora', 'Apple', 'A1173', 'W861947QU2N', 'G'),
(1073, 9, 'Salud ', 'Teclado', 'Vorago', 'KB-202', '7520116', 'G'),
(1074, 9, 'Salud ', 'Telefono', 'Panasonic', 'KX-T7665X', '7DBVD171542', 'G'),
(1075, 9, 'Salud ', 'Mouse', 'Acteck', 'MO-200', '1450534122678', 'G'),
(1076, 9, 'Salud ', 'Regulador', 'Chicago Digital Powe', 'R2C-AVR1008', '160125-2083680', 'G'),
(1077, 9, 'Salud ', 'Impresora', 'Hp', 'BOISB-0901-06', 'VND3405199', 'G'),
(1078, 9, 'Salud ', 'Laptop', 'Dell', '4XF49 A00', '6zn88w1', 'G'),
(1079, 9, 'Salud ', 'Mouse', 'Perfect choice', 'PC-043782', 'L419043782', 'G'),
(1080, 9, 'Salud ', 'Telefono', 'Panasonic', 'KX-TS550MEB', '9HAKA035141', 'G'),
(1081, 9, 'Salud ', 'Telefono', 'Panasonic', 'KX-TS500MEB', '4BBKD169826', 'G'),
(1082, 9, 'Salud ', 'Teclado', 'Acteck', 'AK2-2300', '970013053241', 'G'),
(1083, 9, 'Salud ', 'Mouse', 'Otros', '98529 Rev.S6', 's/n', 'G'),
(1084, 9, 'Salud ', 'Monitor', 'Lg', 'W1943SV', '104NDXQ7B866', 'G'),
(1085, 9, 'Salud ', 'Impresora', 'Hp', 'BOISB-0604-00', 'VNB3B23359', 'G'),
(1086, 9, 'Salud ', 'Gabinete', 'Ensambladas', 'PC-600077', 's/n', 'G'),
(1087, 9, 'Salud ', 'Regulador', 'ISB Sola basic', 'DN-21-122', 'E04D25595', 'G'),
(1088, 9, 'Salud ', 'Regulador', 'ISB Sola basic', 'DN-21-122', 'E03E26148', 'G'),
(1089, 9, 'Salud ', 'Gabinete', 'Ensambladas', 's/m', 's/n', 'G'),
(1090, 9, 'Salud ', 'Mouse', 'Genius', 'GM-03022PXSCROLL', 'W61997903835', 'G'),
(1091, 9, 'Salud ', 'Impresora', 'Hp', 'BOISB-0604-00', 'VNB3B22880', 'G'),
(1092, 9, 'Salud ', 'Teclado', 'Logitech', 'Y-U0011', 's/n', 'G'),
(1093, 9, 'Salud ', 'Telefono', 'Panasonic', 'KX-T500MEB', '5LBKE224252', 'G'),
(1094, 9, 'Salud ', 'Monitor', 'Lg', 'W1943SE', '104NDUN7B166', 'G'),
(1095, 9, 'Sala de maestros salud ', 'Computadora', 'Apple', 'A1173', 'W8619420U2N', 'G'),
(1096, 9, 'Sala de maestros salud ', 'Teclado', 'Apple', 'A1048', 'KY60800UBDA', 'G'),
(1097, 9, 'Sala de maestros salud ', 'Mouse', 'Apple', 'A1152', '8B60300T4UCUA', 'G'),
(1098, 9, 'Sala de maestros salud ', 'Regulador', 'ISB Sola basic', 'DN-21-122', 'E06D08894', 'G'),
(1099, 9, 'Sala de maestros salud ', 'Computadora', 'Apple', 'A1173', 'W8619423U2N', 'G'),
(1100, 9, 'Sala de maestros salud ', 'Teclado', 'Apple', 'A1048', 'KY60602H1UBDA', 'G'),
(1201, 10, 'Taller Automotriz', 'Teclado', 'Genius', 'K639', 'ZM6339105944', 'G'),
(1202, 10, 'Taller Automotriz', 'Mouse', 'Genius', 'GM-03022PXSCROLL', 'X75270809427', 'G'),
(1203, 10, 'Taller Automotriz', 'Monitor', 'Acer', 'V193W', 'ETLC10801691607 394202', 'G'),
(1204, 10, 'Taller Automotriz', 'Monitor', 'Acer', 'V193W', 'ETLC108016916077E64202', 'G'),
(1205, 10, 'Taller Automotriz', 'Mouse', 'Logitech', 'M100', '1422HS01V6K8', 'G'),
(1206, 10, 'Taller Automotriz', 'Teclado', 'Genius', 'K639', 's/n', 'G'),
(1207, 10, 'Taller Automotriz', 'Regulador', 'ISB Sola basic', 'DN-21-122', 'E13B15461', 'G'),
(1208, 10, 'Clinica 1', 'Regulador', 'Chicago Digital Powe', 'B-AVR1006', '121110-040003812', 'G'),
(1209, 10, 'Clinica 1', 'Teclado', 'Acteck', 'AK2-2300', '970013176781', 'G'),
(1210, 10, 'Clinica 1', 'Mouse', 'Acteck', 'AK2-2300', '970013093068', 'G'),
(1211, 10, 'Clinica 1', 'Monitor', 'Acer', 'AL1515b', 'ETL160A24861002714PY24', 'G'),
(1212, 10, 'Clinica 1', 'Gabinete', 'Ensambladas', 's/m', '949994035063', 'G'),
(1213, 10, 'Clinica 1', 'Telefono', 'Panasonic', 'KX-TS550MEB', '0FCKB094751', 'G'),
(1214, 10, 'Clinica 1', 'Regulador', 'Koblenz', 'RI-2502', 's/n', 'G'),
(1215, 10, 'Clinica 1', 'Regulador', 'Koblenz', 'RI-2502', 's/n', 'G'),
(1216, 10, 'Clinica 1', 'Regulador', 'ISB Sola basic', 'SLIM VOLT', 'E17G11787', 'G'),
(1217, 10, 'Salud ', 'Laptop', 'Acer', 'N15C4', 'NXG2KAL00455009FDE3400', 'G'),
(1218, 10, 'Sala de maestros salud ', 'Computadora', 'Apple', 'A1173', 'W8619475U2N', 'G'),
(1219, 10, 'Sala de maestros salud ', 'Teclado', 'Apple', 'A1048', 'KY60601W4UBDA', 'G'),
(1220, 10, 'Sala de maestros salud ', 'Mouse', 'Apple', 'A1152', '8B60300RYUCUA', 'G'),
(1221, 10, 'Taller Automotriz', 'Gabinete', 'Ensambladas', 'PC-600077', 's/n', 'G'),
(1222, 10, 'Taller Automotriz', 'Impresora', 'Hp', 'BOISB-0604-00', 'VNB3B23363', 'G'),
(1223, 11, 'Derecho', 'Monitor', 'Lg', 'W1943SV', '104NDLS7B544', 'G'),
(1224, 11, 'Derecho', 'Regulador', 'ISB Sola basic', 'DN-21-102', 'E01G19177', 'G'),
(1225, 11, 'Derecho', 'Impresora', 'Hp', 'BOISB-0901-01', 'VNB3X10127', 'G'),
(1226, 11, 'Derecho', 'Gabinete', 'Acer', 'VM275-MO10F', 'DTVALAL001202080D99203', 'G'),
(1227, 11, 'Derecho', 'Telefono', 'Panasonic', 'KX-T7665X', '7DBVD171459', 'G'),
(1228, 11, 'Derecho', 'Regulador', 'ISB Sola basic', 'DN-21-122', 'E02E36086', 'G'),
(1229, 11, 'Derecho', 'Impresora', 'Hp', 'SHNG-1501-04', 'VND3D48717', 'G'),
(1230, 11, 'Derecho', 'Telefono', 'Panasonic', 'KX-T7665X', '7DBVD171432', 'G'),
(1231, 11, 'Derecho', 'Telefono', 'Panasonic', 'KX-TS500MEB', '7EBKF264950', 'G'),
(1232, 11, 'Derecho', 'Telefono', 'Panasonic', 'KX-TS500MEB', '7JBKF281225', 'G'),
(1233, 11, 'Derecho', 'Regulador', 'ISB Sola basic', 'DN-21-102', 'E01F10619', 'G'),
(1234, 11, 'Derecho', 'Gabinete', 'Ensambladas', 's/m', 'F14695', 'G'),
(1235, 11, 'Derecho', 'Switch', 'TP-LINK', 'TL-SF1005D', '10275113257', 'G'),
(1236, 11, 'Derecho', 'Teclado', 'Acteck', 'AT-2200', '1030065073132', 'G'),
(1237, 11, 'Derecho', 'Mouse', 'Genius', 'GM-03022PXSCROLL', 'X63312006044', 'G'),
(1238, 11, 'Derecho', 'Monitor', 'Acer', 'AL1511b', 'ETL160A13553900753PY23', 'G'),
(1239, 11, 'Derecho', 'Monitor', 'Acer', 'AL1515b', 'ETL160A248610008E7PY24', 'G'),
(1240, 11, 'Derecho', 'Teclado', 'Acer', 'KB-0759', 'KBPS203102912038960B01', 'G'),
(1241, 11, 'Derecho', 'Mouse', 'Genius', 'GM-03022PXSCROLL', '141636406782', 'G'),
(1242, 11, 'Derecho', 'Regulador', 'Chicago Digital Powe', 'R2C-AVR1008', '160125-2083679', 'G'),
(1243, 11, 'Derecho', 'Gabinete', 'Hp', 's/m', 'MXJ54101PM', 'G'),
(1244, 11, 'Derecho', 'Regulador', 'TDE', 's/m', 's/n', 'G'),
(1245, 11, 'Derecho', 'Mouse', 'Otros', 'MOFGKO', 'MS1120008215001948K701', 'G'),
(1246, 11, 'Derecho', 'Teclado', 'Genius', 'K639', 'ZM7702063651', 'G'),
(1247, 11, 'Derecho', 'Laptop', 'Emachines', 'KAWF0', 'LXN280C041916065D21601', 'G'),
(1248, 11, 'Derecho', 'Telefono', 'Panasonic', 'KX-TS5LXB', '1GAAA451359', 'G'),
(1249, 11, 'Derecho', 'Regulador', 'ISB Sola basic', 'DN-21-102', 'E04C02137', 'G'),
(1250, 11, 'TI', 'Regulador', 'ISB Sola basic', 'PC 500', 's/n', 'G'),
(1251, 11, 'TI', 'Regulador', 'ISB Sola basic', 'DN-21-122', 'E06I12576', 'G'),
(1252, 11, 'TI', 'Regulador', 'ISB Sola basic', 'DN-21-122', 'E03H11603', 'G'),
(1253, 11, 'TI', 'Gabinete', 'Ensambladas', 's/m', '940400142136', 'G'),
(1254, 11, 'TI', 'Monitor', 'Asus', 'VN247', 'E3LMTF154473', 'G'),
(1255, 11, 'TI', 'Teclado', 'Logitech', 'Y-U0011', '1715SY03GLC8', 'G'),
(1256, 11, 'TI', 'Mouse', 'Logitech', 'M-U0026', 's/n', 'G'),
(1257, 11, 'TI', 'Mouse', 'Genius', 'GM-03022PXSCROLL', 'X75270809439', 'G'),
(1258, 11, 'TI', 'Teclado', 'Hp', 'SK-2880', 'B93CB0ADPSU4OB', 'G'),
(1259, 11, 'TI', 'Monitor', 'Acer', 'V193W', 'ETLC10801691607C2B4202', 'G'),
(1260, 11, 'TI', 'Telefono', 'Panasonic', 'KX-TS500LXW', '4EAAB174852', 'G'),
(1261, 11, 'TI', 'Gabinete', 'Ensambladas', 's/m', '940400143538', 'G'),
(1262, 11, 'TI', 'Gabinete', 'Ensambladas', 's/m', '940400141329', 'G'),
(1263, 11, 'TI', 'Monitor', 'Acer', 'G185HV', 'ETLRA0C002109051164001', 'G'),
(1264, 11, 'TI', 'Teclado', 'Acer', 'PR1101', 'KBPS20P1561100046BK701', 'G'),
(1265, 11, 'TI', 'Mouse', 'Logitech', 'M-U0026', '1527HS009BY8', 'G'),
(1266, 11, 'TI', 'Teclado', 'Panasonic', 'KX-TS500LXW', '7GAAC261806', 'G'),
(1267, 11, 'TI', 'Laptop', 'Dell', '4XF49 A00', '43366203649', 'G'),
(1268, 11, 'TI', 'Teclado', 'Acteck', 'AT-2700', '17600550640022', 'G'),
(1269, 11, 'TI', 'Monitor', 'Hp', 'HSTND-2201-A', 'CNC8040J38', 'G'),
(1270, 11, 'TI', 'Gabinete', 'Otros', 'AC1', 'KQ5TAY8', 'G'),
(1271, 11, 'TI', 'Regulador', 'ISB Sola basic', 'SLIM VOLT', 'E18A2336', 'G'),
(1272, 11, 'TI', 'Regulador', 'ISB Sola basic', 'DN-21-122', 'E05B34430', 'G'),
(1273, 11, 'TI', 'Teclado', 'Apple', 'A1644', 'FOT7142045MJ3LYA9', 'G'),
(1274, 11, 'TI', 'Mouse', 'Apple', 'A1657', 'CC271620AM0GTQ3AV', 'G'),
(1275, 11, 'TI', 'Adaptador de red', 'Manhattan', '506731', 's/n', 'G'),
(1276, 11, 'TI', 'Mouse', 'Apple', 'A1296', 's/n', 'G'),
(1277, 11, 'TI', 'Computadora', 'Apple', 'A1418', 'C02K68YJDNCR', 'G'),
(1278, 11, 'Derecho', 'Mouse', 'Acteck', 'AK2-2700', '1760051054278', 'G'),
(1279, 11, 'Derecho', 'Laptop', 'Dell', 'Inspiron 15', '13089997118', 'G'),
(1280, 11, 'TI', 'Monitor', 'Acer', 'V193W', 'ETLC1080169160752E4201', 'G'),
(1281, 11, 'TI', 'Computadora', 'Gigabyte', 'GB-BXBT-1900', '1425630139', 'G'),
(1282, 12, '207', 'Proyector', 'Epson', 'H694A', 'VU9K6802759', 'G'),
(1283, 12, '205', 'Proyector', 'Epson', 'H719A', 'WDRF620457L', 'G'),
(1284, 12, '208', 'Proyector', 'Epson', 'H430A', 'PSPK2507504', 'G'),
(1285, 12, '210', 'Proyector', 'Epson', 'H430A', 'PSPK270638', 'G'),
(1286, 12, '212', 'Proyector', 'Epson', 'H692A', 'VU3K6800836', 'G'),
(1287, 12, '214', 'Proyector', 'Epson', 'H430A ', 'PSPK2414519', 'G'),
(1288, 12, '216', 'Proyector', 'Epson', 'H430A ', 'PSPK2414543', 'G'),
(1289, 12, '218', 'Proyector', 'Epson', 'H430A ', 'PSPK2414496', 'G'),
(1290, 12, '209', 'Proyector', 'Epson', 'H430A ', 'PSPK3404576', 'G'),
(1291, 12, '211', 'Proyector', 'Epson', 'H552A', 'TUAK5701808', 'G'),
(1292, 12, '213', 'Proyector', 'Epson', 'H430A', 'PSPK3601494', 'G'),
(1293, 12, '108', 'Proyector', 'Epson', 'H369A', 'NEBF0X8517L', 'G'),
(1294, 12, '306', 'Proyector', 'Epson', 'H692A', 'VU3K5301500', 'G'),
(1295, 12, '308', 'Proyector', 'Epson', 'H692A', 'VU3K6800626', 'G'),
(1296, 12, '310', 'Proyector', 'Epson', 'H369A', 'NE6F08A368L', 'G'),
(1297, 12, '312', 'Proyector', 'Epson', 'H430A', 'PSPK2514208', 'G'),
(1298, 12, '316', 'Proyector', 'Epson', 'H430A', 'PSPK2514207', 'G'),
(1299, 12, '318', 'Proyector', 'Epson', 'H692A', 'VU3K6800766', 'G'),
(1300, 12, '320', 'Proyector', 'Epson', 'H552A', 'TUAK4701472', 'G'),
(1301, 12, '301', 'Proyector', 'Epson', 'H430A', 'PSPK3402861', 'G'),
(1302, 12, '305', 'Proyector', 'Epson', 'H309A', 'M4SF057799L', 'G'),
(1303, 12, '309', 'Proyector', 'Epson', 'H430A', 'PSPK2508021', 'G'),
(1304, 12, '132', 'Proyector', 'Epson', 'h692A', 'VU3K5Z00595', 'G'),
(1305, 12, '134', 'Proyector', 'Epson', 'h692A', 'VU3K5Z00586', 'G'),
(1306, 12, '136', 'Proyector', 'Epson', 'h692A', 'VU3F5Z1854L', 'G'),
(1307, 12, '138', 'Proyector', 'Epson', 'h692A', 'VU3K6200325', 'G'),
(1308, 12, '137', 'Proyector', 'Epson', 'h430A', 'PSPK3404491', 'G'),
(1309, 12, '135', 'Proyector', 'Epson', 'h430A', 'PSPK340539', 'G'),
(1310, 12, '133', 'Proyector', 'Epson', 'H552A', 'TUAK4605042', 'G'),
(1311, 12, '131', 'Proyector', 'Epson', 'H552A', 'TUAK4604307', 'G'),
(1312, 12, '241', 'Proyector', 'Epson', 'H552A', 'TUAK4602957', 'G'),
(1313, 12, '237', 'Proyector', 'Epson', 'H430A', 'PSPK3404517', 'G'),
(1314, 12, '235', 'Proyector', 'Epson', 'H430A', 'PSPK3404622', 'G'),
(1315, 12, '231', 'Proyector', 'Epson', 'H430A', 'PSPK3404624', 'G'),
(1316, 12, '102', 'Proyector', 'Epson', 'power lite s18+', 'TUAK4701623', 'G'),
(1317, 12, '106', 'Proyector', 'Epson', 'power lite s18+', 'TUAK4802073', 'G'),
(1318, 12, '114', 'Proyector', 'Epson', 'power lite s12+', 'PSPK2X04153', 'G'),
(1319, 12, '112', 'Proyector', 'Epson', 'power lite s12+', 'PSPK2X04152', 'G'),
(1320, 12, 'Lab arquitectura', 'Proyector', 'Epson', 'power lite s31+', 'WDR6402831', 'G'),
(1321, 12, '202', 'Proyector', 'Epson', 'H430A', 'PSPK2414324', 'G'),
(1322, 12, '219', 'Proyector', 'Epson', 'H430A', 'PAPK2508011', 'G'),
(1323, 12, '201', 'Proyector', 'Epson', 'H430A', 'PSPK250818', 'G'),
(1324, 12, '203', 'Proyector', 'Epson', 'H430A', 'M75F065679L', 'G'),
(1325, 12, '205', 'Proyector', 'Epson', 'H430A', 'WDRFBZ0457L', 'G'),
(1326, 12, '206', 'Proyector', 'Epson', 'H430A', 'PSPK2508022', 'G'),
(1327, 12, '204', 'Proyector', 'Epson', 'H430A', 'M45F06499OL', 'G'),
(1328, 12, '215', 'Proyector', 'Epson', 'H430A', 'PSPK2706302', 'G'),
(1329, 12, '219', 'Proyector', 'Epson', 'H430A', 'PSPK2508011', 'G'),
(1330, 12, '217', 'Proyector', 'Epson', 'H430A', 'PSPK2505298', 'G'),
(1331, 12, '232', 'Proyector', 'Epson', 'H692A', 'VU3F5Z18421', 'G'),
(1332, 12, '234', 'Proyector', 'Epson', 'H558A', 'VBJk5603719', 'G'),
(1333, 12, '236', 'Proyector', 'Epson', 'H692A', 'VU3F5Z1799L', 'G'),
(1334, 12, '240', 'Proyector', 'Epson', 'H692A', 'VU3F5Z1386L', 'G'),
(1335, 12, '238', 'Proyector', 'Epson', 'H692A', 'VU3F5Z138L', 'G'),
(1336, 12, 'A12', 'Proyector', 'Epson', 'H692A', 'VU3K7701886', 'G'),
(1337, 12, '331', 'Proyector', 'Epson', 'H552A', 'TUAK4604503', 'G'),
(1338, 12, '333', 'Proyector', 'Epson', 'H552A', 'TVAK4603139', 'G'),
(1339, 12, '332', 'Proyector', 'Epson', 'H692A', 'VU3F5Z1539L', 'G'),
(1340, 12, '334', 'Proyector', 'Epson', 'H692A', 'VU3F521363L', 'G'),
(1341, 12, '336', 'Proyector', 'Epson', 'H692A', 'VU3F5YI271L', 'G'),
(1342, 12, '338', 'Proyector', 'Epson', 'H692A', 'VU3K62OO276', 'G'),
(1343, 12, '335', 'Proyector', 'Epson', 'H552A', 'TUAK46O5339', 'G'),
(1344, 12, '331', 'Proyector', 'Epson', 'H552A', 'TUAK4604503', 'G'),
(1345, 12, '333', 'Proyector', 'Epson', 'H552A', 'TUAK4603139', 'G'),
(1346, 12, '101', 'Proyector', 'Epson', 'H430A', 'PSPK1809322', 'G'),
(1347, 12, '337', 'Proyector', 'Epson', 'H552A', 'TUAK46O2915', 'G'),
(1348, 12, '339', 'Proyector', 'Epson', 'H552A', 'TUAK46O5286', 'G'),
(1349, 12, '341', 'Proyector', 'Epson', 'H552A', 'TUAK46O5396', 'G'),
(1350, 12, '233', 'Proyector', 'Epson', 'H430A', 'PSPK3404519', 'G'),
(1351, 12, '221', 'Proyector', 'Epson', 'H430A', 'PSPK2706359', 'G'),
(1352, 13, 'Cómputo 1', 'Proyector', 'Epson', 'H552A', 'V9Tk4X04956', 'G'),
(1353, 13, 'Cómputo 5', 'Proyector', 'Epson', 'H719A', 'WDRK6Y02078', 'G'),
(1354, 13, 'Cómputo 2', 'Proyector', 'Epson', 'H692A', 'VU3K5301385', 'G'),
(1355, 13, 'Cómputo 3', 'Proyector', 'Epson', 'H692A', 'VU3K5301528', 'G'),
(1356, 13, 'TI', 'Proyector', 'Epson', 'H369A', 'NE6K1502352', 'G'),
(1357, 13, 'TI', 'Proyector', 'Epson', 'H319A', 'MBPF060228L', 'G'),
(1358, 13, 'Cómputo 4', 'Proyector', 'Epson', 'H692A', 'VU3F5Z3286L', 'G'),
(1359, 14, 'TI', 'Gabinete', 'Ensambladas', 's/m', '259706019496', 'G'),
(1360, 14, 'TI', 'No-break', 'Forza', 'SL-511', '3114601964', 'G'),
(1361, 14, 'TI', 'Regulador', 'Chicago Digital Powe', 'B-AVR1006', '121214-040004726', 'G'),
(1362, 14, 'TI', 'Teclado', 'Hp', 'SK-2880', 'B93CB0ACPS45AU', 'G'),
(1363, 14, 'TI', 'Mouse', 'Genius', 'GM-04003PNETSCROLL E', '123742107191', 'G'),
(1364, 14, 'TI', 'Mouse', 'Genius', 'GM-03022PXSCROLL', '0290401873', 'G'),
(1365, 14, 'TI', 'Mouse', 'Logitech', 'M-U0026', 's/n', 'G'),
(1366, 14, 'TI', 'Telefono', 'Motorola', 'AURI2000', 'AURIXMS0AEE', 'G'),
(1367, 14, 'TI', 'Radio', 'Midland', '18CVP8-REV A', 's/n', 'G'),
(1368, 14, 'TI', 'Radio', 'Midland', '18CVP8-REV A', 's/n', 'G'),
(1369, 14, 'TI', 'Radio', 'Midland', '18CVP8-REV A', 's/n', 'G'),
(1370, 14, 'TI', 'Teclado', 'Vorago', 'KB-202', '7520116', 'G'),
(1371, 14, 'TI', 'Mouse', 'Dell', 'N889', 'CN-011D3V-71581-279-0ZFI', 'G'),
(1372, 14, 'TI', 'Switch', 'Trendnet', 'TE100-S8/AS', 'R10829S800479', 'G'),
(1373, 14, 'TI', 'Computadora', 'Otros', 'ENTC-1000', '502510010001303', 'G'),
(1374, 14, 'TI', 'Impresora', 'Hp', 'SNPRC-1602-01', 'CN66TDK06Z06CV', 'G'),
(1375, 14, 'TI', 'Lector de huella', 'ZKTeco', 'DS100', 's/n', 'G'),
(1376, 14, 'TI', 'Impresora de credenc', 'DataCard', 'PX30', '889B-Q30030', 'G'),
(1377, 14, 'TI', 'Teclado', 'Acer', 'PR1101', 'KBPS20P156110004C7K701', 'G'),
(1378, 14, 'TI', 'Teclado', 'Hp', 'SK-2880', 'B93CB0ACPS45AW', 'G'),
(1379, 14, 'TI', 'Teclado', 'Genius', 'GK-050015', 'ZM6912000803', 'G'),
(1380, 14, 'TI', 'Teclado', 'Genius', 'K639', 'ZM8702131801', 'G'),
(1381, 14, 'TI', 'Teclado', 'Acer', 'PR1101', 'KBPS20P1561070006AK701', 'G'),
(1382, 14, 'TI', 'Teclado', 'Genius', 'K639', 'WE1391049956', 'G'),
(1383, 14, 'TI', 'Teclado', 'Genius', 'GK-050015', 'ZM7412021149', 'G'),
(1384, 14, 'TI', 'Teclado', 'Acteck', 'AT-2200', '1760065080668', 'G'),
(1385, 14, 'TI', 'Teclado', 'Acer', 'PR1101', 'KBPS20P15610100B56K701', 'G'),
(1386, 14, 'TI', 'Teclado', 'Acer', 'PR1101', 'KBPS20P15610700161K701', 'G'),
(1387, 14, 'TI', 'Teclado', 'Acer', 'KB-0759', 'KBPS203102912045900B01', 'G'),
(1388, 14, 'TI', 'Teclado', 'Acer', 'PR1101', 'KBPS20P1561070002FK701', 'G'),
(1389, 14, 'TI', 'Teclado', 'Genius', 'K639', 'ZM7C02172143', 'G'),
(1390, 14, 'TI', 'Teclado', 'Hp', 'SK-2880', 'B93CB0ADPSU4MU', 'G'),
(1391, 14, 'TI', 'Teclado', 'Hp', 'SK-2880', 'B93CB0ACPS432U', 'G'),
(1392, 14, 'TI', 'Teclado', 'Hp', 'SK-2880', 'B93CB0ADPSU4O5', 'G'),
(1393, 14, 'TI', 'Teclado', 'Genius', 'K639', 'ZM5339014525', 'G'),
(1394, 14, 'TI', 'Teclado', 'Acteck', 'AT-9900-1', '00182652', 'G'),
(1395, 14, 'TI', 'Teclado', 'Genius', 'K639', 'ZM3814204008', 'G'),
(1396, 14, 'TI', 'Teclado', 'Apple', 'A1644', 'F0T714601DRJ3LYAE', 'G'),
(1397, 14, 'TI', 'Teclado', 'Logitech', 'Y-U0011', '1715SY03GLA8', 'G'),
(1398, 14, 'TI', 'Mouse', 'Acer', 'MOFGKO', 's/n', 'G'),
(1399, 14, 'TI', 'Mouse', 'Acer', 'SM-9620', '9120331B', 'G'),
(1400, 14, 'TI', 'Mouse', 'Acer', 'M-SBR-ACR2', 'HC8470C0ZMP', 'G'),
(1401, 14, 'TI', 'Mouse', 'Genius', 'GM-050009P', '1223248058', 'G'),
(1402, 14, 'TI', 'Mouse', 'Apple', 'A1152', 'CC2624202UFGW86AH', 'G'),
(1403, 14, 'TI', 'Monitor', 'Acer', 'P166HQL', 'ETLTJ0D004213076E58502', 'G'),
(1404, 14, 'TI', 'Regulador', 'Steren', 'REG-1000PRO', 's/n', 'G'),
(1405, 14, 'TI', 'Monitor', 'Lg', 'W1943V', '104NDNU4Z575', 'G'),
(1406, 14, 'TI', 'Telefono', 'Panasonic', 'KX-DT321X', '3EACE169172', 'G'),
(1407, 14, 'TI', 'No-break', 'Forza', 'SL-761', '221411314734', 'G'),
(1408, 14, 'TI', 'Regulador', 'ISB Sola basic', 'XR-21-102', 'E-13-K-16444', 'G'),
(1409, 14, 'TI', 'DVR', 'Alhua', 'DHI-XVR5216A', '3H03633PAZ3DF3F', 'G'),
(1410, 14, 'TI', 'Mouse', 'Otros', 'RTM 019', 's/n', 'G'),
(1411, 14, 'TI', 'Mouse', 'Otros', 'EL-993315', 'L628993315', 'G'),
(1412, 14, 'TI', 'Monitor', 'Acer', 'P166HQL', 'ETLTY08004202032244200', 'G'),
(1413, 14, 'TI', 'Teclado', 'Acteck', 'AT-2200', '1760647007902', 'G'),
(1414, 14, 'TI', 'Switch', 'Cisco', 'SF100-16 v2', 'PSZ19251H46', 'G'),
(1415, 14, 'TI', 'Laptop', 'Asus', 'TX300CA', 's/n', 'G'),
(1416, 14, 'TI', 'No-break', 'ISB Sola basic', 'XR-21-102', 'E-16-K-16459', 'G'),
(1417, 14, 'Cómputo 5', 'Gabinete', 'Acer', 'VM275-MO-10F', 'DTVALAL001202080C69203', 'G'),
(1418, 14, 'Biblioteca', 'Gabinete', 'Hp', 'EU138LA#ABM', 'MXJ619094C', 'G'),
(1419, 14, 'Biblioteca', 'Gabinete', 'Hp', 'EU138LA#ABM', 'MXJ6190953', 'G'),
(1420, 14, 'Cómputo 5', 'Monitor', 'Acer', 'G185HV', 'ETLRA0C002109051224001', 'G'),
(1421, 14, 'TI', 'Monitor', 'Acer', 'AL1515b', 'ETL160A2486100271DPY24', 'G'),
(1422, 14, 'TI', 'Telefono', 'Panasonic', 'KX-T7705XB', '5JCLD172910', 'G'),
(1423, 14, 'Biblioteca', 'Teclado', 'Hp', 'SK-2880', 'B93CB0ADPSU4NU', 'G'),
(1424, 14, 'Biblioteca', 'Teclado', 'Hp', 'SK-2880', 'B93CB0ADPSU4LO', 'G'),
(1425, 14, 'TI', 'Teclado', 'Vorago', 'KM-105', '17810917', 'G'),
(1426, 14, 'TI', 'Mouse', 'Vorago', 'KM-105', '17810917', 'G'),
(1427, 14, 'TI', 'Telefono', 'Panasonic', 'KX-TS500LXW', '7GAAC268909', 'G'),
(1428, 14, 'TI', 'Regulador', 'Chicago Digital Powe', 'R2C-AVR1008', '160125-2083610', 'G');
INSERT INTO `tb_inventariodetalle` (`id`, `fkInventario`, `ubicacion`, `dispositivo`, `marca`, `modelo`, `serie`, `estado`) VALUES
(1429, 14, 'TI', 'Lector de tarjeta', 'HDI', 'OMNIKEY 5321', 'HT-0952-1090141-01786', 'G'),
(1430, 14, 'TI', 'Lector de tarjeta', 'HDI', 'OMNIKEY 5321', 'HT-0952-1090141-01780', 'G'),
(1431, 14, 'TI', 'Camara web', 'Zavio', 'F210A', '0935001679', 'G'),
(1432, 14, 'TI', 'Servidor', 'Lenovo', '70LU-00PLD', 'MJ04NDBK', 'G'),
(1433, 14, 'TI', 'Servidor', 'IBM', '2582-AC', 'KQ5TBF6', 'G'),
(1434, 14, 'TI', 'Servidor', 'Dell', 'E10S', '58TWVL1', 'G'),
(1435, 14, 'TI', 'Servidor', 'Aitelecom', 'RTR-250', 's/n', 'G'),
(1436, 14, 'TI', 'Servidor', 'Aitelecom', 'RTR-250', 's/n', 'G'),
(1437, 14, 'TI', 'Servidor', 'Ensambladas', 's/m', '259706019496', 'G'),
(1438, 14, 'Enlace Administrativo ', 'Laptop', 'Dell', 's/m', 's/n', 'G'),
(1439, 14, 'TI', 'Switch', 'Cisco', 'SF200-24', 'DNI180206BD', 'G'),
(1440, 14, 'TI', 'Switch', 'Cisco', 'SF200-24', 'DNI193508MA', 'G'),
(1441, 14, 'TI', 'Switch', 'Cisco', 'SF200-24', 'DNI193508HF', 'G'),
(1442, 14, 'Rectoría ', 'Telefono', 'Panasonic', 'KX-T7703X', '4ECLC363364', 'G'),
(1443, 14, 'Rectoría ', 'Teclado', 'Logitech', 'Y-U0011', '1715SY03F0T8', 'G'),
(1444, 14, 'Rectoría ', 'Mouse', 'Apple', 'A1152', '8B60300SLUCUA', 'G'),
(1445, 14, 'Rectoría ', 'Impresora', 'Hp', 'CAN ICES-3', 'CNB6GBT587', 'G'),
(1446, 14, 'Rectoría ', 'Telefono', 'Panasonic', 'KX-T7630X', '6LBVC050564', 'G'),
(1447, 14, 'Rectoría ', 'Regulador', 'Chicago Digital Powe', 'R2C-AVR1008', '140530-09802355', 'G'),
(1448, 14, 'Rectoría ', 'Telefono', 'Motorola', 'FXP-862W', '5BW13394344', 'G'),
(1449, 14, 'Cobranza y Becas ', 'Impresora', 'Hp', 'SHNGC-1504-01', 'VNB6S09666', 'G'),
(1450, 14, 'Cobranza y Becas ', 'Mouse', 'Hp', 'X3000', '7CH5160XQR', 'G'),
(1451, 14, 'Cobranza y Becas ', 'Laptop', 'Dell', 'Inspiron 15', '336Z4F2', 'G'),
(1452, 14, 'Humanidades ', 'Monitor', 'View sonic', 's/m', 'QJ0072352359', 'G'),
(1453, 14, 'Humanidades ', 'Teclado', 'Genius', 'KB-06XE', 'ZM6339105946', 'G'),
(1454, 14, 'Humanidades ', 'Mouse', 'Genius', 'GM-04003PNETSCROLL E', '123742110613', 'G'),
(1455, 14, 'Humanidades ', 'Regulador', 'Chicago Digital Powe', 'R2C-AVR1008', '150411-0005543', 'G'),
(1456, 14, 'Humanidades ', 'Gabinete', 'Ensambladas', 's/m', 's/n', 'G'),
(1457, 14, 'Humanidades ', 'Impresora', 'Hp', 'BOISB-0405-00', 'CNBKB03470', 'G'),
(1458, 14, 'Rectoría ', 'Computadora', 'Apple', 'A1173', 's/n', 'G'),
(1459, 15, 'Cómputo 1', 'Switch', 'Cisco', 'SF100-24 v2', 'PSZ18171RWJ', 'G'),
(1460, 15, 'Cómputo 1', 'Switch', 'Cisco', 'SF100-24 v2', 'PSZ18481AT6', 'G'),
(1461, 15, 'Cómputo 3', 'Switch', 'Cisco', 'SF100-24 v2', 'PSZ18481AT2', 'G'),
(1462, 15, 'Cómputo 3', 'Switch', 'Cisco', 'SF100-24 v2', 'PSZ18251HRT', 'G'),
(1463, 15, 'Cómputo 3', 'Regulador', 'Chicago Digital Powe', 'R2C-AVR1008', '150318-0004864', 'G'),
(1464, 15, 'Cómputo 5', 'Switch', 'Cisco', 'SF100-24 v2', 'PSZ18481AT9', 'G'),
(1465, 15, 'Cómputo 5', 'Switch', 'Cisco', 'SF100-24 v2', 'PSZ19251H4C', 'G'),
(1466, 15, 'Cómputo 4', 'Switch', 'Cisco', 'SF102-24 v2', 'PSZ170301R7', 'G'),
(1467, 15, 'Cómputo 2', 'Switch', 'Cisco', 'SF102-24 v2', 'PSZ18251HXF', 'G'),
(1468, 15, 'Cómputo 2', 'Switch', 'Cisco', 'SF102-24 v2', 'SZ19251H4D', 'G'),
(1469, 15, 'Site principal ', 'Switch', 'Cisco', 'SF200-24', 'DNI182403K1', 'G'),
(1470, 15, 'Site principal ', 'Switch', 'Cisco', 'SF200-24', 'DNI18390E0K', 'G'),
(1471, 15, 'Site principal ', 'Switch', 'Cisco', 'SF200-24', 'DNI18390DTF', 'G'),
(1472, 15, 'Site principal ', 'Switch', 'Cisco', 'SF200-24', 'DNI18390DRP', 'G'),
(1473, 15, 'Site principal ', 'Switch', 'Cisco', 'SG300-28', 'DNI180408T2', 'G'),
(1474, 15, 'Site principal ', 'No-break', 'Forza', 'SL-761', '4114505664', 'G'),
(1475, 15, 'Site principal ', 'Router', 'Fortinet', 'P05625-02-16', 'FG200B3912614086', 'G'),
(1476, 15, 'Site principal ', 'Router', 'Fortinet', 'P14822-03-11', 'FGT5HD3915803242', 'G'),
(1477, 15, 'Site principal ', 'No-break', 'Forza', 'SL-761', '4114505663', 'G'),
(1478, 15, 'Site principal ', 'No-break', 'Forza', 'SL-761', '4114505257', 'G'),
(1479, 15, 'Cómputo 1', 'Regulador', 'Complet', 'ERV-6-001 RPLUS 1300', '15AL352185', 'G'),
(1480, 15, 'Cómputo 5', 'Regulador', 'Complet', 'ERV-6-001 RPLUS 1300', '15AL352255', 'G'),
(1481, 15, 'Cómputo 4', 'Regulador', 'Complet', 'ERV-6-001 RPLUS 1300', '15AL352304', 'G'),
(1482, 15, 'Cómputo 2', 'Regulador', 'Complet', 'ERV-6-001 RPLUS 1300', '15AL352282', 'G'),
(1483, 15, 'Site principal ', 'Modem', 'Huawei', 'EchoLife HG8245H', '48575443300D3496', 'G'),
(1484, 15, 'Site principal ', 'Modem', 'Huawei', 'EchoLife HG8245H', '485754433077C896', 'G'),
(1485, 15, 'Site principal ', 'Modem', 'Huawei', 'EchoLife HG8245H', '48575443308F0996', 'G'),
(1486, 15, 'Site principal ', 'Modem', 'Alcatel-Lucent', 'G-240W-8', 'ALCLF22F05FC', 'G'),
(1487, 15, 'Site principal ', 'Modem', 'Alcatel-Lucent', 'G-240W-8', 'ALCLF2384090', 'G'),
(1488, 15, 'Site principal ', 'Modem', 'Alcatel-Lucent', 'I-240W-Q', 'ALCLF8B199DA', 'G'),
(1489, 15, 'Site principal ', 'Modem', 'Alcatel-Lucent', 'I-240W-Q', 'ALCLF8AC91B2', 'G'),
(1490, 16, 'Site principal ', 'Regulador', 'ISB Sola basic', 'PC 100', '660077600048', 'G'),
(1491, 16, 'Site principal ', 'Regulador', 'ISB Sola basic', 'XRN-21-801', 'E07H80671', 'G'),
(1492, 17, 'TI', 'Computadora', 'Apple', 'A1002 EMC', 'ECL0674', 'G'),
(1493, 17, 'TI', 'Computadora', 'Apple', '2104 EMC', 'W861946CU2N', 'G'),
(1494, 17, 'TI', 'Computadora', 'Apple', '2104 EMC', '0016CB965F54', 'G'),
(1495, 17, 'TI', 'Computadora', 'Apple', '2104 EMC', 'W8619479U2N', 'G'),
(1496, 17, 'TI', 'Computadora', 'Apple', '2104 EMC', '0016CBC08330', 'G'),
(1497, 17, 'TI', 'Computadora', 'Apple', '2104 EMC', '0016CB966194', 'G'),
(1498, 17, 'TI', 'Monitor', 'Hp', 'GP196AA', 'CNC8040J38', 'G'),
(1499, 17, 'TI', 'Monitor', 'Acer', 'P166HQL', '0884483971473', 'G'),
(1500, 17, 'TI', 'Monitor', 'Acer', 'V193W', '0099802474553', 'G'),
(1501, 17, 'TI', 'Monitor', 'Acer', 'V193W', '0099802474553', 'G'),
(1502, 17, 'TI', 'Monitor', 'Samsung', '710N', 'MJ17HCJX841279E', 'G'),
(1503, 17, 'TI', 'Proyector', 'Otros', '1608aam', 'EAV0159', 'G'),
(1504, 17, 'TI', 'Proyector', 'Otros', 'SN', 'EAV0300', 'G'),
(1505, 17, 'TI', 'Gabinete', 'Otros', 'G3', 'F18702', 'G'),
(1506, 17, 'TI', 'Gabinete', 'Otros', 'ensamblado ', '080716993', 'G'),
(1507, 17, 'TI', 'Gabinete', 'Otros', 'ensamblado ', 'SN', 'G'),
(1508, 17, 'TI', 'Gabinete', 'Otros', 'ensamblado ', 'SN', 'G'),
(1509, 17, 'TI', 'Gabinete', 'Otros', 'ensamblado ', '20050903686', 'G'),
(1510, 17, 'TI', 'Gabinete', 'Otros', 'ensamblado ', 'SN', 'G'),
(1511, 17, 'TI', 'Gabinete', 'Otros', 'ensamblado ', 'B264605', 'G'),
(1512, 17, 'TI', 'Gabinete', 'Otros', 'ensamblado ', 'L84560007', 'G'),
(1513, 17, 'TI', 'Gabinete', 'Otros', 'ensamblado ', 'SN', 'G'),
(1514, 17, 'TI', 'Gabinete', 'Acer', 'Veriton M266', 'PSV880900191904F8F2703', 'G'),
(1515, 17, 'TI', 'Gabinete', 'Acer', 'Veriton M266', '91902010127', 'G'),
(1516, 17, 'TI', 'Gabinete', 'Acer', 'Veriton M266', '20203285792', 'G'),
(1517, 17, 'TI', 'Gabinete', 'Acer', 'Veriton M266', '20203292892', 'G'),
(1518, 17, 'TI', 'Gabinete', 'Apple', 'M8570', 'G84210J2PC1', 'G'),
(1519, 17, 'TI', 'Servidor', 'Trendnet', 'TE100P21A', 'CE0808P210106', 'G'),
(1520, 17, 'TI', 'Access Point', 'Otros', 'AWAP02O-86', '02O86090928003', 'G'),
(1521, 17, 'TI', 'Access Point', 'Otros', 'AWAP02O-86', '02O86090723002', 'G'),
(1522, 17, 'TI', 'Access Point', 'Otros', 'AWAP02O-86', '02O86090928009', 'G'),
(1523, 17, 'TI', 'Access Point', 'Otros', 'AWAP02O-86', '02O86090723001', 'G'),
(1524, 17, 'TI', 'Fuente de poder', 'Motorola', '53614', '0723755536142', 'G'),
(1525, 17, 'TI', 'Monitor', 'Otros', 'PM-52T', '8081', 'G'),
(1526, 17, 'TI', 'Tarjeta madre', 'Otros', 'SN', '001E6873B71C', 'G'),
(1527, 17, 'TI', 'Tarjeta madre', 'Acer', 'N15235', 'U01V120101529', 'G'),
(1528, 17, 'TI', 'Tarjeta madre', 'Acer', 'EG31M', 'V51108G91718610', 'G'),
(1529, 17, 'TI', 'Teclado', 'Apple', 'A1048', '1201040599', 'G'),
(1530, 17, 'TI', 'Teclado', 'Apple', 'A1048', '1111031727', 'G'),
(1531, 17, 'TI', 'Teclado', 'Apple', 'A1048', '1111031721', 'G'),
(1532, 17, 'TI', 'Teclado', 'Apple', 'A1048', '1111031733', 'G'),
(1533, 17, 'TI', 'Teclado', 'Apple', 'A1048', '1111031735', 'G'),
(1534, 17, 'TI', 'Teclado', 'Apple', 'A1048', '1111031722', 'G'),
(1535, 17, 'TI', 'Teclado', 'Apple', 'M7803', '1111031709', 'G'),
(1536, 17, 'TI', 'Teclado', 'Apple', 'A1048', '1111031725', 'G'),
(1537, 17, 'TI', 'Teclado', 'Genius', 'K639', 'ZM3C02101822', 'G'),
(1538, 17, 'TI', 'Teclado', 'Genius', 'K7000', '1201040568', 'G'),
(1539, 17, 'TI', 'Teclado', 'Genius', 'K627', 'ZM3300195927', 'G'),
(1540, 17, 'TI', 'Teclado', 'Genius', 'K639', 'XX9388115015', 'G'),
(1541, 17, 'TI', 'Teclado', 'Genius', 'K939', 'XX9388115011', 'G'),
(1542, 17, 'TI', 'Teclado', 'Acteck', 'ak22300', '97OO13053239', 'G'),
(1543, 17, 'TI', 'Teclado', 'Lenovo', 'KU-0225', '1S54Y94245931750E', 'G'),
(1544, 17, 'TI', 'Disco duro', 'Segate', 'ST340810A', '5fb6abnk', 'G'),
(1545, 17, 'TI', 'Disco duro', 'Segate', 'ST340810A', 'ST500DM002', 'G'),
(1546, 17, 'TI', 'Disco duro', 'Segate', 'ST340810A', 'Z2AL35VC.', 'G'),
(1547, 17, 'TI', 'Disco duro', 'Segate', 'ST340014AS', '5MQ34HJM.', 'G'),
(1548, 17, 'TI', 'Disco duro', 'Segate', 'ST3808110AS', '4LR129FR.', 'G'),
(1549, 17, 'TI', 'Disco duro', 'Segate', 'ST3320813AS', '9SZ3F9FT.', 'G'),
(1550, 17, 'TI', 'Disco duro', 'Segate', 'ST380011A', '5JVBVM3J.', 'G'),
(1551, 17, 'TI', 'Disco duro', 'Segate', 'ST340014AS', '5MQ05AVL.', 'G'),
(1552, 17, 'TI', 'Disco duro', 'Segate', 'ST340015A', '5LA3K0BZ.', 'G'),
(1553, 17, 'TI', 'Disco duro', 'Segate', 'ST33208113AS', '9SZ3F9TW.', 'G'),
(1554, 17, 'TI', 'Disco duro', 'Segate', 'ST3808110AS', '4LR12MEN.', 'G'),
(1555, 17, 'TI', 'Disco duro', 'Segate', 'ST340014A', '100278282', 'G'),
(1556, 17, 'TI', 'Disco duro', 'Segate', 'ST3320813AS', '9SZ3CPNE.', 'G'),
(1557, 17, 'TI', 'Disco duro', 'Segate', 'ST3808110AS', '4LR13799.', 'G'),
(1558, 17, 'TI', 'Disco duro', 'Segate', 'ST3802215A', '6RW2RHFH.', 'G'),
(1559, 17, 'TI', 'Disco duro', 'Segate', 'ST3808110AS', '4LR12MEN.', 'G'),
(1560, 17, 'TI', 'Disco duro', 'Segate', 'ST340014A', '5JX5AKH9.', 'G'),
(1561, 17, 'TI', 'Disco duro', 'Wester digital', 'WD800BEVS', 'WXE706026623', 'G'),
(1562, 17, 'TI', 'Disco duro', 'Wester digital', 'WD7500BPVT', 'WX61A4176754', 'G'),
(1563, 17, 'TI', 'Disco duro', 'Maxtor', 'NAN51680', 'E17B6CXNZ9999', 'G'),
(1564, 17, 'TI', 'Disco duro', 'Maxtor', 'NAN51680', 'E17EE07NZ9999', 'G'),
(1565, 17, 'TI', 'Disco duro', 'Wester digital', 'WD400EBCPF0', 'WCAATF022098', 'G'),
(1566, 17, 'TI', 'Disco duro', 'Maxtor', 'STM3803110A', '5LR7ZGKP.', 'G'),
(1567, 17, 'TI', 'Disco duro', 'Samsung', 'SPO842N', 'S0WBJ1BP301808', 'G'),
(1568, 17, 'TI', 'Disco duro', 'Maxtor', '9DS011-327', '9QZ75E0G.', 'G'),
(1569, 17, 'TI', 'Disco duro', 'Samsung', 'SP0411', 'S01JJ20YB11161', 'G'),
(1570, 17, 'TI', 'Disco duro', 'Maxtor', 'BAJ41G20', 'L25YMKKGGL02B', 'G'),
(1571, 17, 'TI', 'Disco duro', 'Maxtor', 'YAR51HW0', 'Y2CRB1TEFY42A', 'G'),
(1572, 17, 'TI', 'Disco duro', 'Maxtor', 'NAR61HA0', 'E127A2NNZ9999', 'G'),
(1573, 17, 'TI', 'Disco duro', 'Maxtor', 'NAR61HA0', 'E15YAGENZ9999', 'G'),
(1574, 17, 'TI', 'DVR', 'Otros', 'MDR757ZLKIT', 'BAKJ00490', 'G'),
(1575, 17, 'TI', 'DVR', 'Otros', 'kpd675z-a', '9ET100316', 'G'),
(1576, 17, 'TI', 'DVR', 'Otros', 'MDR759HA', 'EARJ00894', 'G'),
(1577, 17, 'TI', 'DVR', 'Otros', 'DVR0404LE-AS', '1.0.01.51.3930', 'G'),
(1578, 17, 'TI', 'Camara de vigilancia', 'Alhua', 'DH-HACHFW00BN', 'TZD4EF114W01325', 'G'),
(1579, 17, 'TI', 'Telefono', 'Panasonic', 'KX-Ts500ME', '0ICKB045140', 'G'),
(1580, 17, 'TI', 'Camara web', 'Perfect choice', 'PC320425', 'L01732042', 'G'),
(1581, 17, 'TI', 'Fuente de poder', 'Ensambladas', 'afb300dt', '259918002859', 'G'),
(1582, 17, 'TI', 'Fuente de poder', 'Otros', 'psu101', 'mx06130401030301322', 'G'),
(1583, 17, 'TI', 'Fuente de poder', 'Otros', 'r500', '940400146680', 'G'),
(1584, 17, 'TI', 'Fuente de poder', 'Otros', 'AFB500P', '949994034919', 'G'),
(1585, 17, 'TI', 'Fuente de poder', 'Otros', 'PX350ROEUN', '026040027091', 'G'),
(1586, 17, 'TI', 'Fuente de poder', 'Otros', 'r500', '940400145406', 'G'),
(1587, 17, 'TI', 'Fuente de poder', 'Otros', 'r500', '1760957002978', 'G'),
(1588, 17, 'TI', 'Fuente de poder', 'Otros', 'LCB350ATX', 'B264603', 'G'),
(1589, 17, 'TI', 'Fuente de poder', 'Otros', 'PS52517', 'PY2500B007150020F1P800', 'G'),
(1590, 17, 'TI', 'Fuente de poder', 'Otros', 'PS52517', 'PY2500B00715002118P800', 'G'),
(1591, 17, 'TI', 'Regulador', 'Otros', 'steren 903500', 'sn', 'G'),
(1592, 17, 'TI', 'Unidad de cd', 'Samsung', 'SD616', 'L2596RFX608162C', 'G'),
(1593, 17, 'TI', 'Unidad de cd', 'Lg', 'GCR8525B', '603HMQF203564', 'G'),
(1594, 17, 'TI', 'Unidad de cd', 'Otros', 'DH16A6S', 'KU0160F00691504A41F101', 'G'),
(1595, 17, 'TI', 'Unidad de cd', 'Samsung', 'ses084b', 'sn', 'G'),
(1596, 17, 'TI', 'Regulador', 'ISB Sola basic', 'DN21122', 'E02D23472', 'G'),
(1597, 17, 'TI', 'Regulador', 'ISB Sola basic', 'DN21122', 'ECL0006', 'G'),
(1598, 17, 'TI', 'Regulador', 'Chicago Digital Powe', 'BAVR1006', '121015-040001172', 'G'),
(1599, 17, 'TI', 'Fuente de poder', 'Otros', '440', 'sn', 'G'),
(1600, 17, 'TI', 'Monitor', 'Sony', 'KDL32LL150', '1925495', 'G'),
(1601, 17, 'TI', 'Monitor', 'Otros', 'mitzui MTV1508LCD', 'A50700000140', 'G'),
(1602, 17, 'TI', 'Monitor', 'Otros', 'mitzui MTV1508LCD', 'A50700000351', 'G'),
(1603, 17, 'TI', 'Monitor', 'Sony', 'E73362', 'EAV0223', 'G'),
(1604, 17, 'TI', 'Monitor', 'Sony', 'E73362', 'EAV0127', 'G'),
(1605, 17, 'TI', 'Monitor', 'Sony', 'E73362', 'EAV0126', 'G'),
(1606, 17, 'TI', 'Monitor', 'Sony', 'E73362', '041000245', 'G'),
(1607, 17, 'TI', 'Monitor', 'Sony', 'E73362', 'EAV0125', 'G'),
(1608, 17, 'TI', 'Monitor', 'Sony', 'PM52T', '8881', 'G'),
(1609, 17, 'TI', 'Monitor', 'Lg', '21FX5RG', '704RMEN096740', 'G'),
(1610, 17, 'TI', 'Monitor', 'Lg', '21FX5RG', '704RMMD096787', 'G'),
(1611, 17, 'TI', 'Impresora', 'Otros', 'Dualys 3', 'D72166287', 'G'),
(1612, 17, 'TI', 'Impresora', 'Samsung', 'ML2165', 'Z7BVB8GD3D01H6H', 'G'),
(1613, 17, 'TI', 'Switch', 'Otros', '3C16471', 'LV5Q470054222', 'G'),
(1614, 17, 'TI', 'Switch', 'Cisco', 'SF20024', '0107898362232756', 'G'),
(1615, 17, 'TI', 'Mouse', 'Acteck', 'AK2-2300', '970013053245', 'G'),
(1616, 17, 'TI', 'Mouse', 'Genius', 'Netscroll', 'x56065709308', 'G'),
(1617, 17, 'TI', 'Mouse', 'Genius', 'GM-03022P', 'x75270809426', 'G'),
(1618, 17, 'TI', 'Mouse', 'Otros', 'Evo pro powered', '050805776', 'G'),
(1619, 17, 'TI', 'Mouse', 'Otros', 'PC-043782 ', 'L00204378', 'G'),
(1620, 17, 'TI', 'Mouse', 'Genius', 'GM-03022P', 'X68922101130', 'G'),
(1621, 17, 'TI', 'Mouse', 'Genius', 'xscroll', 'f118338', 'G'),
(1622, 17, 'TI', 'Mouse', 'Perfect choice', 'PC-043782', 'L419043782', 'G'),
(1623, 17, 'TI', 'Mouse', 'Otros', 'sn', '110319351', 'G'),
(1624, 17, 'TI', 'Mouse', 'Genius', 'NetScroll+', 'B252810', 'G'),
(1625, 17, 'TI', 'Mouse', 'Acer', 'MSBRACR2', 'HC8470C0zMW', 'G'),
(1626, 17, 'TI', 'Mouse', 'Truebasix', 'TB01001', '1760943027524', 'G'),
(1627, 17, 'TI', 'Mouse', 'Compaq', 'N3+optical ', '051218815', 'G'),
(1628, 17, 'TI', 'Mouse', 'Logitech', 'M-U0026', '810-002180', 'G'),
(1629, 17, 'TI', 'Mouse', 'Logitech', 'M-U0026', '810-002181', 'G'),
(1630, 17, 'TI', 'Mouse', 'Acteck', 'sn', 'sn', 'G'),
(1631, 17, 'TI', 'Mouse', 'Dell', 'sn', 'HS906132UZH', 'G'),
(1632, 17, 'TI', 'Mouse', 'Acteck', 'sn', 'sn', 'G'),
(1633, 17, 'TI', 'Mouse', 'Acteck', 'AK2-2300', '970013053244', 'G'),
(1634, 17, 'TI', 'Mouse', 'Acteck', 'AK2-2300', '970013053239', 'G'),
(1635, 17, 'TI', 'Mouse', 'Acteck', 'sn', 'sn', 'G'),
(1636, 17, 'TI', 'Mouse', 'Genius', 'sn', 'F65336', 'G'),
(1637, 17, 'TI', 'Mouse', 'Apple', 'A1152', 'CC26246066FGW86A7', 'G'),
(1638, 17, 'TI', 'Adaptador de corrien', 'Acer', '020415-00', '1643153', 'G'),
(1639, 17, 'TI', 'Adaptador de corrien', 'Lg', 'sn', 'sn', 'G'),
(1640, 17, 'TI', 'Adaptador de corrien', 'Vorago', 'astrum 200', 'sn', 'G'),
(1641, 17, 'TI', 'Adaptador de corrien', 'Otros', 'sn', '69uw3as0122', 'G'),
(1642, 17, 'TI', 'Adaptador de corrien', 'Vorago', 'astrum 2000', 'sn', 'G'),
(1643, 17, 'TI', 'Adaptador de corrien', 'Hp', 'Ppp09L', '123456 ', 'G'),
(1644, 17, 'TI', 'Adaptador de corrien', 'Hp', 'Ppp09L', 'WACLNOCMWU1BH', 'G'),
(1645, 17, 'TI', 'Adaptador de corrien', 'Hp', 'Ppp09L', '123456 ', 'G'),
(1646, 17, 'TI', 'Adaptador de corrien', 'Samsung', 'AD3014N', 'sn', 'G'),
(1647, 17, 'TI', 'Adaptador de corrien', 'Vorago', 'astrum 2000', 'sn', 'G'),
(1648, 17, 'TI', 'Adaptador de corrien', 'Lenovo', 'sn', 'sn', 'G'),
(1649, 17, 'TI', 'Adaptador de corrien', 'Otros', 'sn', 'RGW0522401929', 'G'),
(1650, 17, 'TI', 'Adaptador de corrien', 'Lenovo', 'sn', '11S36200403ZZ600343AX1', 'G'),
(1651, 17, 'TI', 'Adaptador de corrien', 'Asus', 'sn', '04G26B00020081333822', 'G'),
(1652, 17, 'TI', 'Adaptador de corrien', 'Steren', 'sn', 'sn', 'G'),
(1653, 17, 'TI', 'Switch', 'TP-LINK', 'TL-WR743ND', '2145446004653', 'G'),
(1654, 18, 'Camara Gesel', 'Monitor', 'Sony', 'KDL-48R550C', 'S0156112179', 'G'),
(1655, 18, 'Camara Gesel', 'Monitor', 'Samsung', 'LN46F630', 'Z49V3CCB700996V', 'G'),
(1659, 21, 'Computo', 'Digitalizador', 'LiteON', 'GT09', '09', 'G'),
(1660, 21, 'Computo', 'Digitalizador', 'LiteON', 'GT098', '879985865', 'G'),
(1662, 21, 'Computo', 'Digitalizador', 'LiteON', 'GT09', 'Juca es gay', 'G'),
(1663, 22, 'Campo', 'DVR', 'Nvidia', '7887878', '67667', 'N'),
(1665, 23, 'rttrt', 'Disco duro', 'Canon', 'rtrttrrt', 'rrrrrrr', 'G'),
(1666, 24, 'Computo', 'Digitalizador', 'Nvidia', '607960', 'itoitoy', 'G'),
(1667, 26, 'Computo', 'balon', 'LiteON', 'f', 'f', 'N');

-- --------------------------------------------------------

--
-- Estructura de tabla para la tabla `tb_marcas`
--

DROP TABLE IF EXISTS `tb_marcas`;
CREATE TABLE IF NOT EXISTS `tb_marcas` (
  `id` bigint(20) NOT NULL AUTO_INCREMENT,
  `nombre` varchar(100) NOT NULL,
  PRIMARY KEY (`id`)
) ENGINE=InnoDB AUTO_INCREMENT=85 DEFAULT CHARSET=utf8;

--
-- Volcado de datos para la tabla `tb_marcas`
--

INSERT INTO `tb_marcas` (`id`, `nombre`) VALUES
(2, 'Epson'),
(3, 'HP'),
(4, 'Apple'),
(5, 'Kingston'),
(6, 'Adata'),
(7, 'Acer'),
(8, 'AOC'),
(9, 'LG'),
(10, 'Steren'),
(11, 'Acteck'),
(12, 'Vorago'),
(13, 'Lenovo'),
(14, 'Canon'),
(15, 'Xerox'),
(16, 'BenQ'),
(17, 'Compaq'),
(18, 'Lexmark'),
(19, 'LiteON'),
(20, 'Nvidia'),
(21, 'Genius'),
(22, 'Logitech'),
(23, 'Samsung'),
(24, 'Asus'),
(25, 'Lanix'),
(26, 'Gigabyte'),
(27, 'Seagate'),
(28, 'Gateway'),
(29, 'ATI'),
(30, 'Cisco'),
(31, 'Intel'),
(32, 'AMD'),
(33, 'Dell'),
(34, 'Perfect Choice'),
(35, 'Linksys'),
(36, 'TpLink'),
(37, 'ISB'),
(38, 'CDP'),
(39, 'Motorola'),
(40, '3Com'),
(41, 'Panasonic'),
(42, 'Western Digital'),
(43, 'Maxtor'),
(44, 'ZkTeco'),
(45, 'Sony'),
(46, 'ViewSonic'),
(47, 'Microsoft'),
(49, 'Alhua'),
(50, 'Aopen'),
(51, 'Aitelecom'),
(52, 'Alcaltel'),
(53, 'Alcatel-Lucent'),
(54, 'Chicago Digital Power'),
(55, 'DataCard'),
(56, 'Emachines'),
(57, 'Edge system'),
(58, 'Ensambladas'),
(59, 'Fujitsu'),
(60, 'Forza'),
(61, 'Fortinet'),
(62, 'GHIA'),
(63, 'HDI'),
(64, 'Huawei'),
(65, 'Complet'),
(66, 'IBM'),
(67, 'Integral'),
(68, 'ISB Sola basic'),
(69, 'Intertek'),
(70, 'Kemex'),
(71, 'Koblenz'),
(72, 'Manhattan'),
(73, 'Modernphone'),
(74, 'Midland'),
(75, 'Segate'),
(76, 'TDE'),
(77, 'Truebasix'),
(78, 'Toshiba'),
(79, 'TP-LINK'),
(80, 'Trendnet'),
(81, 'Ultra'),
(82, 'Zavio'),
(83, 'ZTE'),
(84, 'Otros');

-- --------------------------------------------------------

--
-- Estructura de tabla para la tabla `tb_usuario`
--

DROP TABLE IF EXISTS `tb_usuario`;
CREATE TABLE IF NOT EXISTS `tb_usuario` (
  `id` int(8) NOT NULL AUTO_INCREMENT,
  `nombre` varchar(100) CHARACTER SET latin1 NOT NULL,
  `usuario` varchar(25) CHARACTER SET latin1 NOT NULL,
  `correo` varchar(100) CHARACTER SET latin1 NOT NULL,
  `contrasenia` varchar(50) CHARACTER SET latin1 NOT NULL,
  `perfil` varchar(30) CHARACTER SET latin1 NOT NULL,
  PRIMARY KEY (`id`)
) ENGINE=InnoDB AUTO_INCREMENT=133 DEFAULT CHARSET=utf8;

--
-- Volcado de datos para la tabla `tb_usuario`
--

INSERT INTO `tb_usuario` (`id`, `nombre`, `usuario`, `correo`, `contrasenia`, `perfil`) VALUES
(125, 'Eduardo Iza', 'eduardo', 'eail@modelo.edu.mx', '21232f297a57a5a743894a0e4a801fc3', 'administrador'),
(126, 'Anthony Gonzalez', 'agonzalez', 'agonzalez@modelo.edu.mx', '781c5b5f7e460328d3871ddda9468fda', 'usuario'),
(127, 'Fady', 'fady', 'fadytoloza0@gmail.com', '4d186321c1a7f0f354b297e8914ab240', 'usuario'),
(128, 'Ismael Paredes', 'ismael', 'ismaelparedes@modelo.edu.mx', '25d55ad283aa400af464c76d713c07ad', 'administrador'),
(129, 'Raul Avila', 'ravila', 'ravila@modelo.edu.mx', '859a35ae3faadce760c88d1d8b4eb254', 'administrador'),
(130, 'roger', 'roger', 'computo@modelo.edu.mx', '781c5b5f7e460328d3871ddda9468fda', 'usuario'),
(131, 'Hola', 'Hola', 'hola@gmail.com', 'toloza', 'admin'),
(132, 'Fady', 'Fady', '89898@gmail.com', '25d55ad283aa400af464c76d713c07ad', 'administrador');

-- --------------------------------------------------------

--
-- Estructura Stand-in para la vista `vt_dispositivos`
-- (Véase abajo para la vista actual)
--
DROP VIEW IF EXISTS `vt_dispositivos`;
CREATE TABLE IF NOT EXISTS `vt_dispositivos` (
`departamento` varchar(100)
,`id` bigint(20)
,`nombre` varchar(100)
,`id_departamento` int(20)
);

-- --------------------------------------------------------

--
-- Estructura Stand-in para la vista `vt_inventario`
-- (Véase abajo para la vista actual)
--
DROP VIEW IF EXISTS `vt_inventario`;
CREATE TABLE IF NOT EXISTS `vt_inventario` (
`id` bigint(10)
,`fecha` date
,`nombreinv` varchar(100)
,`usuario` varchar(20)
,`fkDepartamento` int(11)
,`estado` char(1)
,`departamento` varchar(100)
);

-- --------------------------------------------------------

--
-- Estructura Stand-in para la vista `vt_inventario_detalle`
-- (Véase abajo para la vista actual)
--
DROP VIEW IF EXISTS `vt_inventario_detalle`;
CREATE TABLE IF NOT EXISTS `vt_inventario_detalle` (
`fecha` date
,`usuario` varchar(20)
,`departamento` varchar(100)
,`id_departamento` int(20)
,`estado` char(1)
,`id_inventario` bigint(10)
,`ubicacion` varchar(30)
,`dispositivo` varchar(50)
,`marca` varchar(50)
,`modelo` varchar(50)
,`serie` varchar(40)
,`id` bigint(10)
,`nombreinv` varchar(100)
);

-- --------------------------------------------------------

--
-- Estructura Stand-in para la vista `vt_marcas`
-- (Véase abajo para la vista actual)
--
DROP VIEW IF EXISTS `vt_marcas`;
CREATE TABLE IF NOT EXISTS `vt_marcas` (
`nombre` varchar(100)
,`id` bigint(20)
,`departamento` varchar(100)
,`id_departamento` int(20)
);

-- --------------------------------------------------------

--
-- Estructura Stand-in para la vista `vt_usuario`
-- (Véase abajo para la vista actual)
--
DROP VIEW IF EXISTS `vt_usuario`;
CREATE TABLE IF NOT EXISTS `vt_usuario` (
`contrasenia` varchar(50)
,`correo` varchar(100)
,`usuario` varchar(25)
,`id` int(8)
,`nombre` varchar(100)
,`perfil` varchar(30)
,`departamento` varchar(100)
);

-- --------------------------------------------------------

--
-- Estructura para la vista `vt_dispositivos`
--
DROP TABLE IF EXISTS `vt_dispositivos`;

CREATE ALGORITHM=UNDEFINED DEFINER=`root`@`localhost` SQL SECURITY DEFINER VIEW `vt_dispositivos`  AS  select `tb_departamento`.`nombre` AS `departamento`,`tb_dispositivos`.`id` AS `id`,`tb_dispositivos`.`nombre` AS `nombre`,`tb_departamento`.`id_departamento` AS `id_departamento` from (`tb_dispositivos` join `tb_departamento` on((`tb_dispositivos`.`fkDepartamento` = `tb_departamento`.`id_departamento`))) ;

-- --------------------------------------------------------

--
-- Estructura para la vista `vt_inventario`
--
DROP TABLE IF EXISTS `vt_inventario`;

CREATE ALGORITHM=UNDEFINED DEFINER=`root`@`localhost` SQL SECURITY DEFINER VIEW `vt_inventario`  AS  select `i`.`id` AS `id`,`i`.`fecha` AS `fecha`,`i`.`nombreinv` AS `nombreinv`,`i`.`usuario` AS `usuario`,`i`.`fkDepartamento` AS `fkDepartamento`,`i`.`estado` AS `estado`,`d`.`nombre` AS `departamento` from (`tb_inventario` `i` join `tb_departamento` `d` on((`i`.`fkDepartamento` = `d`.`id_departamento`))) ;

-- --------------------------------------------------------

--
-- Estructura para la vista `vt_inventario_detalle`
--
DROP TABLE IF EXISTS `vt_inventario_detalle`;

CREATE ALGORITHM=UNDEFINED DEFINER=`root`@`localhost` SQL SECURITY DEFINER VIEW `vt_inventario_detalle`  AS  select `tb_inventario`.`fecha` AS `fecha`,`tb_inventario`.`usuario` AS `usuario`,`tb_departamento`.`nombre` AS `departamento`,`tb_departamento`.`id_departamento` AS `id_departamento`,`tb_inventario`.`estado` AS `estado`,`tb_inventariodetalle`.`fkInventario` AS `id_inventario`,`tb_inventariodetalle`.`ubicacion` AS `ubicacion`,`tb_inventariodetalle`.`dispositivo` AS `dispositivo`,`tb_inventariodetalle`.`marca` AS `marca`,`tb_inventariodetalle`.`modelo` AS `modelo`,`tb_inventariodetalle`.`serie` AS `serie`,`tb_inventariodetalle`.`id` AS `id`,`tb_inventario`.`nombreinv` AS `nombreinv` from ((`tb_inventario` join `tb_inventariodetalle` on((`tb_inventario`.`id` = `tb_inventariodetalle`.`fkInventario`))) join `tb_departamento` on((`tb_inventario`.`fkDepartamento` = `tb_departamento`.`id_departamento`))) ;

-- --------------------------------------------------------

--
-- Estructura para la vista `vt_marcas`
--
DROP TABLE IF EXISTS `vt_marcas`;

CREATE ALGORITHM=UNDEFINED DEFINER=`root`@`localhost` SQL SECURITY DEFINER VIEW `vt_marcas`  AS  select `tb_marcas`.`nombre` AS `nombre`,`tb_marcas`.`id` AS `id`,`tb_departamento`.`nombre` AS `departamento`,`tb_departamento`.`id_departamento` AS `id_departamento` from (`tb_departamento` join `tb_marcas`) ;

-- --------------------------------------------------------

--
-- Estructura para la vista `vt_usuario`
--
DROP TABLE IF EXISTS `vt_usuario`;

CREATE ALGORITHM=UNDEFINED DEFINER=`root`@`localhost` SQL SECURITY DEFINER VIEW `vt_usuario`  AS  select `tb_usuario`.`contrasenia` AS `contrasenia`,`tb_usuario`.`correo` AS `correo`,`tb_usuario`.`usuario` AS `usuario`,`tb_usuario`.`id` AS `id`,`tb_usuario`.`nombre` AS `nombre`,`tb_usuario`.`perfil` AS `perfil`,`tb_departamento`.`nombre` AS `departamento` from (`tb_usuario` join `tb_departamento` on((`tb_usuario`.`perfil` = `tb_departamento`.`id_departamento`))) ;

--
-- Restricciones para tablas volcadas
--

--
-- Filtros para la tabla `tb_inventariodetalle`
--
ALTER TABLE `tb_inventariodetalle`
  ADD CONSTRAINT `fk_computo` FOREIGN KEY (`fkInventario`) REFERENCES `tb_inventario` (`id`) ON DELETE CASCADE;
COMMIT;

/*!40101 SET CHARACTER_SET_CLIENT=@OLD_CHARACTER_SET_CLIENT */;
/*!40101 SET CHARACTER_SET_RESULTS=@OLD_CHARACTER_SET_RESULTS */;
/*!40101 SET COLLATION_CONNECTION=@OLD_COLLATION_CONNECTION */;
